Customer_ID,Customer_Name,Email,city_zipcode,Address,phone_number
1,John Doe,john.doe@example.com,12345,101 Main Street,1234567890
2,Jane Smith,jane.smith@example.com,67890,202 South Street,0987654321
3,Alice Johnson,alice.j@example.com,11223,303 West Street,5551234567
4,David Wilson,david.wilson@example.com,54321,404 Hill Street,2345678901
5,Emily Davis,emily.davis@example.com,67891,505 Pine Road,3456789012
6,Frank Miller,frank.miller@example.com,78912,606 Oak Avenue,4567890123
7,Grace Taylor,grace.taylor@example.com,89023,707 Maple Lane,5678901234
8,Hannah Anderson,hannah.anderson@example.com,90134,808 Elm Street,6789012345
9,Courtney Dixon,ginaromero@example.org,9158,"940 Rodriguez Flat Suite 153
New Thomasview, VT 47290",866630853626404
10,Linda Miller MD,xbrown@example.com,98922,"PSC 8419, Box 9883
APO AA 81673",1872291040911
11,Ryan Powell,chelsea19@example.net,77749,"902 Nelson Flats
Branchport, AS 42498",1483214597421
12,Anthony Cole,watsonalyssa@example.com,37496,"69713 Lori Curve Apt. 740
Cervantesfort, VI 28737",3588502507
13,Melanie Sanchez,robert92@example.net,33038,"7776 Logan Shoal
Ricardohaven, GA 50329",1633233732452
14,Laura Hawkins,hcowan@example.org,19490,"32798 Trujillo Valley
Kellistad, IA 60102",1497220545950
15,Andrew Miller,carolpalmer@example.net,64900,"0962 Melinda Park Suite 388
Jasminemouth, KS 77264",5269908340
16,Ashley Burke,kgordon@example.com,83780,"3167 Victor Springs
West Brittany, OK 65851",2897501738
17,Rachel Cross,gonzalezjanice@example.org,88115,"902 Lee Ranch
Mooneychester, HI 70389",387463238981790
18,Martin Phillips,jlopez@example.com,79615,"9781 Jason Spurs Apt. 008
Shannonchester, NY 83198",7409214810
19,Patrick Reynolds,ginaford@example.com,87031,"204 Marilyn Mill
East Eugeneside, TN 31848",1818720643148
20,Craig Ford,katherine25@example.org,84125,"8656 Roberts Crest
Kellyville, VA 48762",4814845957931
21,Gina Lopez,travis16@example.com,25322,"20085 Tracey Square
Lauraland, OR 43633",121436950168007
22,Laura Hall,hturner@example.org,98522,"0835 Sanchez Circles Suite 470
Bryantshire, ND 42522",288745927286422
23,Mr. Gordon Barton,claytonjason@example.net,41662,"9791 Kayla Mall Suite 649
New Madisonside, MA 87782",91464336020689
24,Lindsey Villa,gutierrezneil@example.org,17684,"40721 Smith Shore
Port Robin, LA 84734",83549522348378
25,Austin Hughes,russellmartinez@example.org,64408,"75525 Lindsey Drive
North Elizabeth, WI 17860",8277418349
26,Jeremy Jones,tracyterry@example.com,37585,"04318 Orozco Rapid
Carterburgh, AR 31893",73762744196409
27,Paige Gardner,kevin87@example.org,84374,"5617 Thompson Wall
North Thomas, NE 99736",6202627113
28,David Wheeler,oevans@example.org,78475,"491 Holmes Row
New Dakotaborough, MT 06515",138764759287147
29,Stephen Bradley,reynoldsnicole@example.org,74879,"32982 Karen Lock
Jenniferton, KS 03768",2778807197
30,Amber Goodman,jessica82@example.com,13507,"3727 Grant Harbors Apt. 963
West Jessica, MP 08273",17816323733
31,Dale Sanchez,ramirezmadison@example.com,67471,"0182 Jones Burgs Apt. 827
Lake Christopherfort, PA 30801",179791117742651
32,Audrey Douglas,gonzalezjamie@example.com,3362,"5466 Eric Dale Suite 640
Mccluremouth, DC 01553",158282688675649
33,Elizabeth Smith,garrettjoseph@example.org,6453,"USNV Gregory
FPO AP 30532",342222456754433
34,Morgan Cordova,hjohnson@example.net,71037,"USCGC Nguyen
FPO AA 29198",1228864352184
35,Steven Hurley,ohill@example.net,91655,"462 Rose Shores
Mcdowellport, SD 71160",2542375941
36,Todd Horne,wheelerjill@example.org,31956,"4916 Murphy Cove Suite 840
Yolandaview, TX 45996",16927750314
37,Holly Franklin,rsanchez@example.net,96947,"141 Anthony Throughway
Boydchester, SC 44026",1292213779170
38,Beth Morgan,kim99@example.net,28179,"2577 Davis Forest
Christineshire, AL 72526",3264927571
39,Nancy Carrillo,vanessamanning@example.com,1395,"40180 Samuel Turnpike Apt. 012
East Jasminemouth, WY 95438",1503430092265
40,Kathleen Thomas,wprice@example.org,5459,"995 Nicole Plains
North Christinamouth, OH 70167",15999063883
41,Judy Ferguson,patrick63@example.org,66875,"PSC 6887, Box 2857
APO AA 22469",7669753838
42,Peggy Perez,kcole@example.net,58338,"5936 Nguyen Village Suite 781
Jordanbury, VI 54974",12472381559
43,Melissa Burns,tammylewis@example.org,49480,"3807 Anthony Port
Port Eduardo, IN 88483",9385329616
44,Michael George,samuelweber@example.com,62729,"0428 Jeremiah Cove Suite 181
Kevinfurt, MN 25075",533511733431259
45,Matthew Frazier,christina22@example.com,16784,"PSC 4359, Box 8071
APO AP 69704",22723792155110
46,Danielle Beltran,glenmorris@example.com,97531,"670 Atkinson Cliffs Apt. 677
New Hunter, GU 17220",5887999095
47,Rachel Dean,abaker@example.org,36950,"USNS Morrison
FPO AE 77089",1438562214332
48,Anthony Harris,sean67@example.net,39016,"0633 Reed Motorway
Sarahtown, RI 89687",4627866657
49,Anne Johnson,reevespatricia@example.net,57606,"8890 Walker Estate
Simpsonshire, NJ 12072",170171166045744
50,Anthony Davis,figueroajoseph@example.net,39115,"56718 Michael Ridge Suite 010
Lake Deborah, MD 69539",4274173933
51,Tamara Pierce,fcollins@example.org,92574,"6002 Jason Route
Jeffreybury, IL 90067",5014083472
52,Pamela Morgan,qgarcia@example.net,17253,"4816 Shaffer Dale Apt. 577
Carolynville, ID 53984",454723133893892
53,Holly Perez,karen88@example.org,74975,"761 Sue Islands Apt. 956
Rayton, MH 48142",16658650186
54,Samuel Cruz,qbarnes@example.com,78637,"Unit 7021 Box 2585
DPO AE 39122",96760626033623
55,Jessica Olson,amandadawson@example.com,5706,"6490 Jonathan Corner Apt. 748
Lake Taylor, SD 51396",8465830897
56,Karen Perez,carlosrivera@example.net,32613,"PSC 0542, Box 4910
APO AA 76663",5905249198
57,Kristy Gilbert,jeffrey16@example.org,81763,"6075 Cook Rue
Mirandaville, GU 42201",2222589453
58,Savannah Medina,vincentprince@example.org,58717,"408 Parrish Tunnel Apt. 547
Cookeside, MS 18620",2517712679
59,Sandra Buchanan,kwilliams@example.org,8545,"0592 Jessica Ridge
Lake Kara, FL 89593",14156407821
60,Kelsey Rich,kellylisa@example.net,49188,"37141 Michael Mountain Apt. 790
Brooksborough, NV 95800",153743542297724
61,Christine Hahn,evanmoreno@example.org,7959,"3175 Jason Forks Suite 894
Tonyafurt, ND 78961",158949713918957
62,Mary Andrews,fisherwilliam@example.net,49658,"73302 Chapman Plain Apt. 944
North Joanhaven, AS 35179",9414754416
63,Christopher Pena,sramirez@example.org,62061,"9374 Patricia Bypass
Linbury, CT 02674",52294587620639
64,Xavier Young,hmcclure@example.com,99459,"899 Michele Fork Apt. 334
Port Brett, RI 73982",541782458567823
65,Patrick Wong,nfloyd@example.org,39015,"353 Samantha Harbors Suite 747
Kathrynberg, AS 55216",8406870323
66,Courtney Jordan,christophertate@example.com,47998,"52039 Wagner Expressway
Oliviaside, MN 81902",19875614569
67,Earl Nichols,brian46@example.net,34722,"94350 Moody Cape
Hurleyport, WI 22026",725768029631294
68,Cassandra Solis,joyce99@example.com,73903,"607 Wells Mount Suite 788
Lake Marcus, VI 07130",192652782735821
69,Tracy West,rodriguezcynthia@example.com,96693,"PSC 4630, Box 9678
APO AE 82086",5244483436663
70,Susan Simpson,pmccarthy@example.net,32568,"064 Cynthia Light Suite 443
Lake Sarahside, MD 23457",1289254555883
71,Jacqueline Mccarthy,uguerrero@example.org,40671,"66414 Heather Overpass Suite 301
East Maxberg, WV 56849",3484762636404
72,Brent Harris,robinmcguire@example.org,33253,"USNV Reed
FPO AE 01321",4514985014245
73,James Parsons,rowemark@example.com,80898,"311 Bonnie Estates
Greeneview, VA 92033",2187226816
74,Marco Armstrong,gregory24@example.net,70749,"8338 Hughes Divide Suite 877
Port Brittany, NH 74960",906560054399699
75,Terri Rios,jeanne58@example.org,58156,"66487 Moore Ways
Johnside, GU 97862",13688271665348
76,Heather Miller,vaughngabrielle@example.org,40828,"USNS Davis
FPO AE 70037",7476168419
77,Aaron Walsh,gallegosdawn@example.net,62618,"732 Robert Burgs
Cantrellhaven, GA 84348",16026381920
78,Wanda Casey,brendawest@example.org,18068,"046 Brian Isle Suite 882
Chambersberg, NH 08679",1488722534465
79,Makayla Foster,kevinmatthews@example.net,25199,"835 Cheryl Crescent
Williamsonmouth, NM 14487",826246884497701
80,Brittany Hull,rick01@example.com,71653,"460 Christopher Row
Crossburgh, NE 15779",1580309588067
81,Melinda Cruz,woodjeff@example.com,44502,"266 Fisher Course
Wendyberg, NE 45604",235968656829214
82,Linda Peters,jeffrey31@example.net,18689,"11257 Jacob Walks
New Edward, WY 99005",1803640624349
83,Donna Simmons,cummingsamy@example.com,73908,"Unit 1577 Box 1619
DPO AE 62766",2738262742
84,David Hill,belljimmy@example.com,71366,"52568 Cathy Underpass Suite 575
North Nicholas, AL 95242",56897969184373
85,Kimberly Gordon,reginarodriguez@example.com,53622,"801 Sarah Manor Suite 886
East Justinshire, CA 19900",7607344404
86,Jason Cain,kathleenwilson@example.org,86506,"25495 Smith Square Suite 465
Lorihaven, NY 93887",9877482425
87,Sean Davis,rnunez@example.net,16001,"64589 Michael Squares Apt. 573
Hectorfurt, OR 40148",18306470332
88,Angela Ward,nhodge@example.com,6154,"0675 Pamela Well Apt. 145
Martinborough, TN 60167",2402452827
89,Kenneth Allen,carterpaul@example.org,48330,"968 George Ridge Suite 113
North Michelletown, PW 81846",6885296898039
90,Lori Gillespie,nicholas83@example.org,51691,"Unit 4984 Box 8522
DPO AE 69167",4449749927420
91,Robert Gibson,hstevens@example.org,46394,"19433 Cook Springs
West Patriciaburgh, LA 79409",7212445431888
92,Joshua Hensley,tnixon@example.net,6085,"768 Brown Forge Suite 007
South Rachaelville, KS 45086",7945541231
93,Frances Doyle,rebecca78@example.org,29593,"55808 Deborah Parks Apt. 733
Snyderside, CT 82076",16047379127258
94,Samantha Cummings,richardsjoshua@example.org,13680,"87566 Reyes Overpass Suite 586
New Denise, FM 63076",5367323787804
95,Anthony George,sharon95@example.com,70434,"793 Cruz Harbor Apt. 301
Nicolehaven, AL 39749",70280670430562
96,Meghan Rodriguez,craig48@example.org,43485,"Unit 2818 Box 8385
DPO AA 86610",3317569894
97,Brian Cook,sarah90@example.com,92642,"38281 Jones Pass Apt. 156
Williamfort, IN 28223",1688866667984
98,Mrs. Andrea Baker,thomaswendy@example.net,10619,"6497 Wesley Run Suite 825
East Courtney, KY 83806",1443946780982
99,Howard Townsend,qcunningham@example.net,15153,"8022 Jack Prairie Suite 418
Rhondastad, NY 48240",6428413102
100,John Vance,hdavis@example.net,16701,"5822 Nathan Falls Apt. 243
Macktown, WA 91316",91337966536316
101,Jeffrey Mcconnell,blakekristin@example.com,61945,"7951 Ashley Circles
Lake Thomas, KY 33339",5267291189840
102,George Cuevas,ethanjohnson@example.net,99518,"217 Hunter Valleys Suite 100
Maryburgh, NV 05186",9735531414730
103,Michelle Walters,bradleyriley@example.net,83023,"USNS Dodson
FPO AP 80042",7452165476
104,Kristin Lawson,loganjennings@example.com,93332,"7620 Mcbride Village Apt. 138
North Melissahaven, VA 58512",3564435007
105,Mary Mason MD,zjones@example.net,61642,"27225 Alexander Ramp
New Christine, OK 84476",71946508514055
106,Daniel Roach,wvaughan@example.net,55477,"95352 Jackson Neck Apt. 741
Michaelbury, WI 58551",13945680705998
107,Joshua Christensen,francisco45@example.com,1337,"49093 Wong Passage Apt. 081
Dalebury, AZ 14569",6139629041
108,Derrick Newman,mharvey@example.com,71444,"171 Rowland Cliff Suite 124
Hughesport, GA 23801",42342148799063
109,Travis Perez,robertstrickland@example.com,23069,"16453 Juan Cliff Suite 826
South Charles, KS 61281",67538882055133
110,Keith Manning,martinezmadeline@example.org,6148,"428 Lisa Way Apt. 218
Hurstport, UT 95791",1466772773474
111,Bob Decker,kellybartlett@example.com,85227,"22142 Frank Heights Apt. 226
Owenview, PA 18315",183829534534984
112,Jonathan Berry,ugray@example.org,88540,"7992 Todd Place Suite 759
Port Kelsey, MD 86796",190970109048928
113,Christina Russell,erin02@example.net,82012,"3683 Julie Vista Apt. 546
Davidton, MA 58051",153326192000803
114,Eugene Schwartz,tracy67@example.org,26659,"461 Horn Motorway
Michellemouth, AK 45378",14737578637482
115,Anna Kennedy,marcofranklin@example.net,11601,"233 Victoria Lodge Suite 056
Oliverchester, AR 42903",8193501686
116,Kathryn Lambert,cgrant@example.org,26895,"088 Nicole Lane Apt. 040
South Isabel, FM 19502",9758125217
117,Andrew Wood,hdalton@example.org,44096,"0422 David Isle
New Michaelmouth, IL 85193",2488572049
118,Renee Scott,paynejoseph@example.org,35361,"752 Sexton Crossroad Suite 693
Port Kelly, MP 69678",2396565731
119,Mark Mcbride,ugarcia@example.org,35097,"4725 Dana Trace Suite 706
East Lisaville, GU 29972",3312503732
120,Erik Thomas,jamesgriffin@example.com,96920,"Unit 9768 Box 7387
DPO AA 75990",16847974740037
121,Dawn Scott,chad04@example.org,73898,"PSC 7854, Box 7208
APO AE 94500",7292993088
122,Sydney Smith,xpotts@example.com,39465,"788 Traci Islands Apt. 159
Port Nicole, SC 72791",14662189281
123,Isabel Gomez,rebeccagolden@example.org,82029,"4586 Dorsey Row Apt. 185
Mcdonaldhaven, MA 05364",13434333028
124,Joshua Jones,loganjulie@example.org,66450,"984 Ramirez Lane
South Alison, PR 89177",9704587860
125,David Hawkins,belljesus@example.org,55100,"9244 Bradley Place Apt. 757
Samanthashire, TX 07389",9778923402
126,Kristen Gray,sandramorrison@example.net,83025,"5533 Stuart Fork
East Mary, MD 82500",1264648386045
127,Joan Moran,valdezcarlos@example.org,11398,"1559 Grimes Square
Port Stephen, IL 30009",55184747544612
128,Elizabeth Moran,tclark@example.com,10168,"1221 Shannon Branch
Aarontown, CO 57041",6438970570
129,Erica Phillips,christopher26@example.com,64755,"928 Rasmussen Inlet Apt. 596
South Amberville, NM 54258",7077162600
130,Theresa Walls,sonyagonzalez@example.org,30327,"376 Garcia Mill Suite 952
West Victoria, CA 79477",14003931678
131,Cheryl Green,rubiodanny@example.net,30497,"74864 Sabrina Trace Suite 262
Garciaport, CA 22414",1341456152575
132,Matthew Hines,stevensjerry@example.com,69502,"64413 Collins Mount Apt. 038
New Jennifer, OR 22858",78840846714452
133,Cynthia Rios,james87@example.org,23750,"00160 Jackson Point
North Arthurfort, CA 93854",50552615577737
134,Michael Shelton,raymond97@example.org,84369,"7186 Edwards Ports
Garciaport, VA 83147",2107214473
135,Lance James,mccoyrobert@example.net,33044,"75507 Rios Falls Suite 142
Ballview, WI 11231",147340002896515
136,Dr. Donna Jensen,michellebird@example.org,76430,"847 Jennifer Manor
New Frank, AL 47581",7359483323413
137,Renee Fisher,imosley@example.net,83239,"073 Charles Tunnel
Lake Phillipfort, DE 71029",962960610029474
138,Justin Butler,jaclyn48@example.org,87480,"94642 Cantu Valleys
East Roger, WA 05768",3272165967
139,Teresa Novak,danapowell@example.net,43693,"1068 Gardner Spring
Robinsonfort, NY 45866",16076530165
140,Miranda Woods MD,jessica11@example.net,85761,"1518 Marquez Wells
Robertstad, FL 48221",312524077186225
141,Amy Fox,vanessa01@example.net,37793,"13267 Butler Light
Crystalburgh, GA 16922",8407196656323
142,John Hurley,ujackson@example.net,81271,"25625 Jared Square
West Tonyaberg, OR 08233",1406767465884
143,Karen Nash,patrick48@example.org,87741,"599 Campbell Orchard
Martinport, MT 98408",6024770211
144,Julia Elliott,anthonyhampton@example.net,27048,"293 Thompson Avenue
New Joseph, VI 92528",1714838363195
145,Jon Miller,cobbelizabeth@example.net,87794,"2204 Kim Trail Apt. 456
Port Amanda, VI 04032",5232571277
146,Larry Park,coltonbrown@example.com,3308,"0885 Kimberly Shoals
Paulmouth, MD 15736",5965911305
147,Ryan Robinson,johnwatkins@example.com,73192,"USNV Rios
FPO AE 17364",4966792392
148,Jill Bryant,matthew93@example.net,94560,"439 Joseph Drive Suite 246
Christophertown, NY 44378",6864109094
149,Hunter Crawford,tracy54@example.org,32957,"98621 Lawrence Spring
Richardsonborough, ME 09850",5797735773
150,Nicholas Johnson,maddoxjose@example.org,77864,"56488 Alfred Wells Suite 109
Wardchester, WI 01666",4325487330
151,Chelsea Cox,clintongrant@example.com,68320,"455 Amy Brooks Suite 228
Port Stevenstad, GU 40134",56048767694649
152,Katie Hebert,tthornton@example.org,91925,"Unit 9441 Box 4874
DPO AA 67530",40023485058850
153,Luis Williams,fosternicholas@example.org,43998,"2618 Lynch Field Suite 493
Victorchester, MP 31738",8238932282
154,Greg Kaufman,sarahkelly@example.org,61410,"170 Steven Highway Apt. 729
East Emily, KS 18089",17212124837287
155,Tony Johnson,grimescharles@example.org,27985,"USNV Price
FPO AE 79821",89981236608399
156,Lauren Rodriguez DDS,flynnkevin@example.net,29220,"Unit 9875 Box 6601
DPO AP 50495",7673964668
157,Amanda Maynard,kaitlyn95@example.com,63803,"367 Joshua Turnpike
Lake April, MH 17331",4796084184
158,Tony Charles,sbrown@example.com,31226,"USNV Harris
FPO AP 72222",4308347727315
159,Kelsey Davis,armstrongjeremy@example.org,79583,"6235 Seth Flat
Stephanietown, MD 84867",15298138374
160,Tracy Peterson,fordseth@example.org,95401,"631 Montgomery Cape Apt. 009
East Rodneyport, NH 82419",8834270489
161,William Tran,gabrielmitchell@example.com,16411,"Unit 0636 Box 9003
DPO AP 87855",153480861658267
162,John Sanchez,adam37@example.net,14014,"88438 Daniel Lights Suite 019
Catherinestad, AK 56106",1858420317565
163,Charles Washington,umorgan@example.net,59136,"PSC 9086, Box 8407
APO AE 74270",5336396000
164,Adam Grant,bruce48@example.com,82810,"7939 Christopher Camp Suite 497
Lake Justinshire, LA 20355",83049630308497
165,Jeffrey Diaz,obennett@example.net,60451,"5586 Sheppard Lane
North Ericberg, CT 15572",170196113868851
166,Grant Rivera,carla90@example.net,45610,"059 Barton Falls Suite 306
Port Georgeside, KS 11768",895706659830754
167,Alicia Barker,mpope@example.com,40162,"6047 Brian Centers Apt. 718
North Mary, IA 93977",4365762560
168,Kenneth Kane,davidharris@example.net,57359,"606 Johnson Park Apt. 650
Guerraview, CO 48452",6495648732
169,Tiffany Smith,jessica12@example.net,11655,"174 Stephen Junctions
East William, MT 88412",2969824273296
170,Eric Newman,kelli61@example.com,30485,"PSC 7762, Box 7841
APO AE 51957",54768513968699
171,Lucas Le,across@example.com,39130,"30629 Michelle Locks Apt. 107
Port Alexandriafort, AR 72247",3674555454
172,Jaime Franklin,franklinjennifer@example.org,34681,"71001 Morrison Ridges Apt. 383
North Kathy, OK 98051",13535581684604
173,Philip Villa,juliehart@example.org,49080,"6277 Watkins Ports Suite 580
Rodneyside, OK 77737",5155886337
174,Victoria Mccoy,salazarhaley@example.net,88281,"1407 Moore Drives Suite 474
Joanport, MO 74024",8055593742
175,Don Villarreal,vickie32@example.net,29299,"5052 Justin Lodge Suite 341
Port Tiffany, LA 91134",4036288889
176,John Chambers,craigowens@example.com,76614,"62065 Kristy Causeway
South Leslieport, CO 28605",6178681451
177,Brittany Stephens,james85@example.org,74397,"2315 Rios Square
Reyeschester, AL 64552",2654245454
178,Michelle Johnson,rachael25@example.net,73860,"66460 Palmer Tunnel Suite 214
New Jamesport, NY 68654",18263743105
179,Thomas Mitchell,jrocha@example.net,38112,"45863 Green Drive
Alexanderfurt, KS 79582",6967164829
180,Corey Perry,danny54@example.net,18825,"564 Zimmerman Walks
Lake Tiffanyberg, VT 08344",82566914457277
181,William Stone,elizabeth43@example.net,6152,"PSC 6735, Box 0977
APO AE 75310",7253414995
182,Crystal Carter,lisa64@example.net,35760,"46249 Joseph Locks Apt. 751
North Ashleytown, IN 90007",63666627368456
183,Kenneth Summers,walterscolleen@example.net,68144,"2546 Bender Isle Suite 189
Port Larry, HI 10019",15226259580760
184,Adam Ball DDS,calvin64@example.com,87333,"21943 Amy Gardens
Mariefurt, WI 75730",4702126420
185,Sherri Dunn,nicholas84@example.com,76876,"7562 Rebecca Street
Mullinsside, MA 38039",55548467157420
186,Ryan Turner,mwolfe@example.org,72543,"0206 Berger Creek Suite 421
Evansshire, NV 97733",684859530361014
187,Amy Morales,cantukatie@example.com,42157,"281 John Forge Suite 077
Oliviaberg, FM 38830",2759011423
188,Todd Fowler,rachelbrown@example.net,35430,"2599 Harper Lane Suite 298
West Ashleystad, UT 92792",771957205998342
189,Sandra Mcfarland,hespinoza@example.org,79600,"26953 Thomas Alley Suite 174
Mckenzieland, MN 19433",1510224752746
190,Rachel Frazier,robert78@example.net,45367,"679 Blake Plaza Suite 253
Angelaview, AR 07876",12422887413
191,Elizabeth Ellis,owaller@example.org,97095,"671 Sarah Key
Lake Ronald, GA 59610",3544556671
192,William Carter,mary22@example.org,44193,"3235 Smith Land Suite 285
Gallegoston, OH 82349",5216081300
193,Joshua Gonzales,blevinsdanny@example.org,16864,"221 Andrew Mission Suite 392
Ericfort, NE 75259",8768902964688
194,Megan Garner,gouldjohn@example.com,15773,"2471 Davis Fords
Thompsonchester, WY 42930",17913421778
195,Mr. Ronald Allen,smithdonna@example.net,64678,"806 Wilson Mews Apt. 076
East Nicole, DC 07438",4839371216
196,Robert Martinez,thomas54@example.com,13670,"133 Gardner Expressway Apt. 112
Port Jeffrey, KS 88655",6185939873
197,Joshua Caldwell,rogersreginald@example.net,39735,"9038 John Keys Apt. 491
Sarahport, SD 89732",1446928851205
198,Luis Martinez,qmiller@example.net,82196,"8642 Thomas Pass
New Angela, MP 41464",14822256954204
199,Emily Anderson,bobbybanks@example.net,35204,"77246 Lloyd Bypass
West Jessehaven, NH 89695",19665260897
200,Elizabeth Edwards,alexandra14@example.com,78261,"52532 Mathis Roads Apt. 488
North Geraldside, MA 27934",3956452264
201,Kenneth Bean,nicholasbauer@example.net,37792,"265 Barrett Fork
Port James, TX 87026",243873109823938
202,Victoria Murray,bennetttroy@example.com,21341,"78082 Teresa Curve Apt. 026
New Melanieville, RI 06579",3563089456
203,Andrea Brooks,mitchell32@example.com,58316,"215 Russell Unions
Sandraland, AL 46231",198058358101010
204,James Palmer,amanda30@example.net,96904,"61864 Ronald Common
Lake Amanda, WI 09207",17089865326425
205,James Banks,nicholasjohnson@example.org,72780,"652 Nguyen Camp Apt. 956
New Carrieton, AS 20588",165236277950156
206,Laura Stewart,christophertaylor@example.org,83161,"85418 Gomez Hollow
Robinsonbury, OH 11636",6104605940
207,Olivia Stewart,katherine88@example.com,56279,"879 Cardenas Fork Apt. 589
New Loriview, NH 85595",8984594297
208,Kevin Mccann,sandraspencer@example.net,71447,"64164 Jones Lake Apt. 115
North Josetown, FL 89394",3266884986
209,Maria Barker,qmann@example.com,53504,"47071 Diana Rest Apt. 440
Robinsonhaven, VI 45560",1235771685740
210,Deborah Cohen,youngthomas@example.net,23751,"USNS Young
FPO AE 30921",506643861071125
211,Melissa Garcia,gravesjohn@example.org,44353,"95646 Kimberly Lakes Apt. 011
Santiagoview, PR 41198",27966947343758
212,Jeremy Phillips,steven22@example.net,18895,"PSC 5939, Box 0989
APO AA 21679",14942626218345
213,Elizabeth Costa,qwells@example.org,20818,"700 Sullivan Circle
New Michael, AZ 41156",3949473281
214,Todd Reynolds,whawkins@example.net,47821,"7206 Cameron Coves
South Jose, KY 65645",53128854438061
215,Sherri Smith,charleschurch@example.com,55854,"3354 Paul Ridge
Thomasberg, SD 16453",228958867331058
216,Thomas Brown,kathrynbryant@example.com,91778,"3793 Amanda Springs Apt. 857
Wrightchester, FL 61396",563909268610773
217,Veronica Hamilton,angelamccann@example.net,18558,"025 Ruiz Terrace
New Jenniferfurt, NJ 33801",5432713346
218,Courtney Joseph,juliesmith@example.net,24643,"3562 Donna Trafficway
West Tylerton, OH 59275",333995780190104
219,Austin Garcia,whitakercandace@example.org,34089,"9780 Lewis Summit Suite 810
Port Stephen, KS 36247",1528789662590
220,Joshua Smith,josephwilliams@example.org,80101,"0260 Knight Wells
Roseview, SC 26038",5797563989
221,Rodney Alvarado,thompsonjoshua@example.net,21317,"6922 Alan Tunnel
Tracyhaven, MT 03997",3152622933785
222,Thomas Kaufman,michael17@example.com,51587,"20430 Stephen Run Suite 454
Lake Christopher, NC 43953",16113726341609
223,Matthew Hayes,dylan63@example.net,21330,"781 Brown Alley
Carterland, SD 59987",69020912492879
224,Anne Edwards,xgarcia@example.org,63000,"7549 Williams Overpass
East Roberto, NJ 22803",6493162991
225,Eric Martinez,qwhitney@example.com,87691,"45790 Campos Mills Suite 137
Nicolestad, RI 91143",30289917721514
226,Diana Figueroa,wspencer@example.net,19490,"415 Marcus Groves Suite 118
Lake Angela, UT 74191",49088440966846
227,Amanda Mcdonald,tara78@example.net,29603,"416 Combs Springs
North Dawnport, UT 51130",532813190544610
228,Donald Park,ymckinney@example.net,87970,"390 Gary Well
Lake Jesusberg, AL 32725",167555036321927
229,Robin Moore,shellyadams@example.org,45164,"53252 Dakota Overpass
South David, PW 82466",13065490377524
230,Ricky Rose,pdavis@example.com,54159,"13771 James Land Suite 794
New Lisa, KS 04229",6409172108441
231,Karen Richard DDS,dcooper@example.net,59046,"05346 Tina Cape Apt. 949
West Melissa, FL 57439",6539656713538
232,Samuel Phelps,herreracatherine@example.org,57895,"1191 Mark Courts
Kellyfurt, KS 76802",4215332226
233,Courtney Evans,brandonwilson@example.org,75127,"275 Gutierrez Prairie Apt. 279
Port Erinburgh, WY 66149",1504829702204
234,Ashley Brown,aprice@example.net,40306,"29622 Allison Wall Suite 404
Parkerhaven, CA 96888",15546547837
235,Miss Dorothy Shelton DDS,elizabeth38@example.org,1436,"79085 Wong Hill Apt. 058
North Brooke, IA 14905",13729206897
236,Joseph Jennings,steven71@example.org,6237,"4083 Jeffrey Island Apt. 021
North Tammyhaven, WY 36201",182447409916477
237,Michael Hansen,jeffrey61@example.com,71762,"91023 Hull Lights
North Heather, TN 56982",473731383243418
238,Michael Lewis,jamesfranklin@example.com,63960,"262 Ashley Lodge
Anthonyville, KY 83375",7504451373022
239,Debra Singleton,allendaniel@example.org,5147,"USNV Jackson
FPO AE 71458",9629380013
240,Ashley Nielsen,anitasmith@example.net,43137,"PSC 9231, Box 4248
APO AA 58823",121754930056158
241,Ronald Bell,nicholsbarbara@example.org,34682,"6096 Rodney Passage
Thomasville, GA 45405",5574539438
242,Donna Diaz,ukirk@example.com,78186,"6100 Mark Wall
Hunterfort, LA 46223",7678622841155
243,Anna Cannon,caitlynlewis@example.net,20987,"909 Gutierrez Landing Apt. 070
North Davidshire, OR 18220",169222500904279
244,Julian Sanchez,ericwilliams@example.org,61047,"9002 Dodson Dale Apt. 904
South Hunter, ME 36333",564973504863052
245,Andre Hill,renee16@example.net,67540,"193 Blackburn Center Suite 440
East Ruthchester, OR 39048",6048842902
246,Elizabeth Chen,daniel22@example.net,26226,"3237 Johnson Crescent
Christophertown, TX 63519",1572255629546
247,Justin Williams,meltonlee@example.com,59018,"1490 Donna Valley
New Heatherhaven, NH 42880",163561376750198
248,Leslie Miles,christophercole@example.net,34483,"282 Simon Road
Riceland, MD 33195",88747579166152
249,Jorge Elliott,jadams@example.net,888,"000 Wayne Lakes Apt. 459
Michaelland, HI 23389",5669134485
250,Haley Mckay,amanda73@example.org,33198,"07848 Maria Lake Apt. 780
New Luishaven, NH 25502",7162432460
251,Justin Mclaughlin,geraldbrown@example.net,18278,"0190 Carlson Burgs Apt. 946
Lyonsland, AK 93981",1647325296133
252,Mr. William Wright,brooke47@example.net,47039,"8402 Lawson Point Suite 268
Silvafort, NM 56804",471256744724033
253,Laura Williamson,kdeleon@example.com,60422,"Unit 1341 Box 3619
DPO AP 21699",5054590533
254,Jacob Riddle,ojacobson@example.net,87180,"048 Daniel Trail
Robertsport, UT 38888",4527907779
255,Gregory Davis,curtisjason@example.com,3007,"937 Daniels Coves
North Patricia, NE 91118",18645578198
256,Amanda Warner,raymond89@example.com,19527,"7060 Owens Gateway Suite 585
Port Angelaville, MO 05146",5734526631
257,Marc Welch,bryantalvin@example.org,32576,"443 Romero Ferry Suite 026
Michaelton, MO 32837",1787346935019
258,Laura Delacruz,dfuentes@example.net,48744,"Unit 6016 Box 0558
DPO AA 28641",13305653472
259,Kaylee Gross,ibarnes@example.net,13056,"79678 Dalton Orchard Suite 795
West Jaclyn, MD 67570",205500641362493
260,Kelly Phillips,millerrebecca@example.net,29977,"1655 Christopher Crescent
Campbellfurt, NJ 99898",3379917047905
261,William Carlson,blankenshipwilliam@example.net,12958,"608 Mike Spring Apt. 799
Edwardsland, TX 65471",2584286623
262,Brenda Larson,johnathan08@example.com,78435,"Unit 3618 Box 6475
DPO AA 85043",1215402830801
263,Nicole Cooper,bradley27@example.org,5393,"0101 Savage Fields
West Samanthaport, DE 54981",2283167922451
264,Kendra Lindsey,christine12@example.org,48870,"03157 Richards Isle
Thomasborough, LA 96562",8817802092
265,Brandon Estrada,gspencer@example.net,72949,"442 Denise Estate Apt. 978
West Charles, VI 12469",8742259799
266,Susan Brewer,dalecooke@example.net,61823,"25294 Ashley Isle
New Timville, PW 36460",73147794168690
267,Luis Smith,mwilcox@example.net,58059,"263 Jeffrey Loaf
Kathleenton, KS 68724",1952850480582
268,Ryan Gould,whitethomas@example.net,67563,"13718 Lewis Vista Apt. 267
Jacksonbury, MH 35376",19384287306734
269,Howard Stewart,brittany23@example.net,90196,"882 James Wall Apt. 477
North Kristishire, AR 82836",2435300199
270,Deanna Moreno,youngwendy@example.net,45175,"39552 Shawn Hills
Davidstad, OK 17080",4283548368243
271,William Vaughn,vmiddleton@example.org,85860,"8733 Carson Branch Suite 387
South Randall, MS 87380",5729425311
272,Ashley Villarreal,urodriguez@example.com,54149,"USS Aguilar
FPO AA 10074",367773571770798
273,Seth Sanchez,vazquezrandy@example.net,30190,"07191 Miller Square Suite 032
South Lauraburgh, TX 93444",2047266379
274,Linda Wilkins,schmittdarrell@example.com,4935,"59260 Rojas Lock
Edwardtown, KS 76714",5733997846
275,Kimberly Green,dbutler@example.com,25702,"39167 Robinson Terrace
Briannamouth, NJ 97973",54130932949538
276,Gina Wilson,epatrick@example.net,32714,"427 Stokes Radial Apt. 413
Nicholasberg, NV 47457",4224236170683
277,Julie Watts,grahamkimberly@example.org,94247,"21094 Christine Extensions
Port Kyle, GA 64217",149277058695229
278,Lisa Sims,brookssamuel@example.net,32613,"967 Christopher Radial
Brandonside, AZ 91111",2487112274
279,Luis Mason,jessica30@example.org,58853,"607 Mccoy Mountains
North Alejandroshire, NM 01725",3292387248
280,Frances Hudson,zleon@example.com,44054,"PSC 4319, Box 5845
APO AE 65075",9506740850
281,Stacy Myers,shelby92@example.org,61768,"PSC 0055, Box 1933
APO AP 46814",3018521105
282,Jeremy Pierce,erinochoa@example.com,94529,"020 Laurie Forest Suite 046
Lake Scottborough, FM 20356",764970948945730
283,Keith Jackson,robertmitchell@example.com,43704,"74843 Jeffrey Place
Davidbury, KY 02676",17622598277329
284,Angela Porter,yeseniabrown@example.net,59242,"2211 Michael Isle
Jaredstad, VA 03354",3088155503
285,Lisa Wade,kimberlysmith@example.com,83321,"49649 Katrina Field
New Meghan, AK 43422",1745923170595
286,Jennifer Martinez,yaguirre@example.org,97913,"975 Diana Haven Apt. 998
Alexandraton, HI 71949",5753282362
287,Steven Holmes,lsmith@example.com,37982,"74892 Leonard Brooks
Nguyenberg, AK 51413",8154889191986
288,Dale Gray,kelleyjacob@example.org,78893,"538 Sullivan Court Suite 091
Farmermouth, MI 93442",195277525677819
289,Laura Richards,jamesjones@example.org,16283,"99388 Wood Plaza Suite 875
West Kimberly, LA 25650",27788933516682
290,Christian Rogers,mbrandt@example.com,97605,"69099 Jason Pike Suite 753
Micheletown, NH 17647",9745204708
291,Karen Jackson,sue37@example.net,72668,"915 David Mill
Meredithside, PW 31694",2154699583
292,Mrs. Teresa Ramirez MD,carrchristopher@example.com,56125,"Unit 1168 Box 8514
DPO AA 26490",17903227690971
293,Brenda Peterson,arroyojoan@example.net,93930,"8164 Zachary Fords
North Joseph, GU 45050",3293946612
294,Kayla Savage,nathaniel55@example.net,68329,"38995 Oscar Plain Suite 143
East Lisashire, WY 91929",14973600705915
295,Beth Gonzalez,milleremily@example.net,53687,"275 Preston Forest Suite 174
Nicholasview, CA 63227",1494436053217
296,Jacob Blankenship,mirandachad@example.net,20340,"7297 Kristina Meadows Apt. 270
Evanston, WA 32774",9149805655
297,Jeremy Henson,jennifer16@example.org,54834,"PSC 5797, Box 4636
APO AP 60917",64150862546564
298,Michael Cunningham,rcross@example.com,72906,"751 William Knoll
Carolshire, NY 86646",172599284073133
299,Amy Brown,dortega@example.org,94712,"1121 Alan Key Apt. 309
East Phillip, CT 80860",784448995706273
300,Mandy Bell,peter37@example.net,7230,"USNS Smith
FPO AA 24524",453604204111877
301,Ryan White,bishopcarolyn@example.org,73871,"35284 Martinez Meadows Suite 085
Lake Nicole, AS 35966",21334583901022
302,Melissa Buchanan,portermichael@example.com,57405,"3842 Brandon Drives
Jessicaland, VA 74011",1996329943067
303,Norman Martinez,josephflores@example.net,1437,"42477 Jennifer Junction Suite 959
Richardmouth, WY 28990",179440719869372
304,Theresa Adams,farleychristopher@example.net,25084,"043 Smith Islands Apt. 068
East Jenniferland, MH 31938",3018514584
305,Kristen Smith,ejohnson@example.org,93034,"9720 Joseph Shoal
Lake Jenniferview, OK 84972",142663619558962
306,Patricia Lloyd,shanepotter@example.com,25597,"741 Carr Corners
Jennifertown, MS 53214",5015464845250
307,Dr. Andrew Murphy,daniel36@example.net,52680,"73587 Victoria Loop
East Joeborough, OR 49161",7286645203
308,Scott Christensen,butlerthomas@example.com,56314,"2678 Contreras Tunnel
Lake Michaelchester, AR 02016",1468614527122
309,Kimberly Perkins,vbright@example.net,73563,"USNV Barnes
FPO AA 59011",5639662618
310,Kevin Gilbert,zflores@example.net,16028,"110 Cruz Falls Apt. 455
South Roberthaven, MO 80995",1376396304697
311,John Padilla,luisharris@example.org,40326,"PSC 7119, Box 6406
APO AA 46666",5188323129
312,Stacy Bishop,zruiz@example.net,67589,"301 Wallace Hollow Suite 063
Michelleburgh, VI 69807",6193996454614
313,Kimberly Martinez,nellis@example.net,82318,"21268 Taylor Mountain
New Allen, MD 99322",196841141632185
314,Roberto Thomas,eric42@example.com,82271,"22121 Angela Prairie Suite 077
Cynthiatown, TN 75248",2899169155801
315,David Robinson,qnelson@example.net,17217,"1454 Walters Villages
West Rebecca, VA 56307",5386730311789
316,Brian Maxwell,anitaspencer@example.net,47432,"Unit 6092 Box 6323
DPO AA 91864",5838751828
317,Johnny Roberts,blakekimberly@example.com,24683,"28634 Sherry Shoals
West Ginaton, GA 12470",674681195509601
318,Sierra Stevens,jodi63@example.com,36875,"04928 Lynch Village
Scotttown, TX 87100",7017629109871
319,Alex Smith,rgaines@example.net,7355,"81288 Melissa Cliff
Mclaughlinside, GU 54481",3329243134
320,Dawn Benson,bjimenez@example.net,45913,"3338 Jordan Ferry Apt. 708
East Tracy, MI 98967",18777120764
321,Jose Martinez DDS,vsanchez@example.net,17367,"904 Holder Road Apt. 217
Wattsshire, VT 82023",443266083673924
322,Melinda Burke,brockcharlotte@example.com,71298,"1261 Gross Mountain
Franktown, MN 83117",350314759890351
323,Corey Ramirez II,nicholas18@example.com,23005,"USNV Johnson
FPO AP 74015",9324052340348
324,Matthew Long,billy10@example.com,54786,"080 John Junctions
New Tarachester, WA 99019",130742188722280
325,Joshua Turner,andre79@example.org,14407,"4867 Jimenez Green Suite 103
West Karen, VT 07737",1271989409359
326,Nancy Harris,william59@example.com,36497,"052 Erica Track
North Jamesville, VI 50872",128367507122687
327,Rebecca Moreno,stephaniekerr@example.org,24621,"289 Cross Village Suite 107
Staceytown, CT 46483",280504753022448
328,David Andersen,gentrymarc@example.com,78904,"68035 Hudson Junctions Apt. 751
Chambersberg, FL 54161",18879757685
329,Robert Lee,tiffany96@example.com,79230,"851 Julie Plaza
Leeberg, HI 54945",7483994853
330,Christopher Young,jordancurtis@example.org,45966,"55501 Adams Isle Apt. 167
East Sandra, MN 02755",139891609187004
331,Ruben Hanson,hjohnston@example.net,42399,"Unit 6782 Box 0517
DPO AA 63356",6769539341
332,Mindy Long,timothy12@example.net,84360,"60001 Justin Garden Apt. 622
North Derek, OR 02292",1530270196023
333,Edward Gentry,jacksonandrew@example.com,8346,"017 Kayla Club
Newmanport, WI 49339",196489594702056
334,Christine Molina,kgarcia@example.net,75922,"7999 Maureen Road
East Taylor, TX 42225",3138901670
335,John Cooper,fcoleman@example.net,99818,"4091 Mcgee Trail
North Jenniferton, IN 22968",5267172433
336,Brian Gordon,xrivera@example.com,90109,"70516 Kelly Causeway
Jacobton, CO 96863",17827864432
337,Makayla Morales,jamie34@example.net,76372,"940 Mary Track Apt. 710
New James, MD 27968",1617742782673
338,Megan Hall,wrightsusan@example.net,21794,"99298 Benjamin Cliff
New Jenniferberg, MA 64679",18608541235
339,Travis Perez,vrussell@example.net,69392,"899 Victoria Mountain Suite 748
Leonardborough, HI 01967",7687068672
340,Robin Nicholson,david72@example.org,78251,"06654 Molina Forges Apt. 350
Mitchellbury, AZ 19441",4296547611
341,Anthony Torres,iruiz@example.org,75002,"6075 Lisa Walk Suite 030
Gonzalezstad, GU 74868",549247984847273
342,Arthur Foley,heather97@example.org,84496,"175 Brooke Mission
Lake David, GA 68415",3286351364
343,Melissa Chung,jgreen@example.org,17861,"0655 Whitney Path Apt. 401
Austinberg, SD 86769",4255437476
344,Jody Mason,brockjames@example.com,80844,"Unit 2094 Box 8697
DPO AA 42854",17726397014231
345,Maureen Morris,cainmitchell@example.net,72938,"040 Conley Common Apt. 064
North Eric, NY 25540",1383718999970
346,Ricky Grimes,houstonedwin@example.org,23278,"321 Samantha Spur
Port James, MT 18875",18568627928
347,Kristin Burton,pamela36@example.com,55905,"004 Stephanie Lakes Apt. 203
Barajasside, MP 87414",67842005627131
348,Rebecca Fisher,hdavis@example.com,55248,"363 Doyle Forges
Waynehaven, LA 22975",2948585621
349,Shawn Kelley,gallagherrachel@example.org,61422,"349 Victoria Track
Dawnberg, OR 40970",44786354294247
350,Sara Cross,swansonrobert@example.org,12591,"0913 Scott Meadow Suite 867
Tapiafort, MP 47849",6797174987
351,Scott Lynch,laura80@example.net,5166,"Unit 2662 Box 5437
DPO AP 05630",7699309261
352,Ruben Garcia,phughes@example.com,32855,"49103 Jacobs Shores
Lake Markburgh, ND 16441",90479727917239
353,Jaime Cobb,kruegerbrian@example.com,16617,"3753 Dylan Courts
Dennisville, IA 03712",2903003859713
354,Mitchell Wilson,dpope@example.com,52239,"158 Mueller Island
East Tracy, OK 31687",4426910349
355,Dr. Zachary Stewart,shannonlittle@example.com,8766,"196 Cooper Springs Suite 735
Cochranside, NC 83132",1624594279729
356,Dustin Foster,rothmonica@example.net,40371,"PSC 7776, Box 5590
APO AE 51920",8805281200
357,Michael Townsend,duranjonathan@example.net,37757,"1122 Wells Burgs Suite 492
New Sandraton, OH 78363",2898918148257
358,Jill Peterson,romerophillip@example.org,98299,"44010 Williams Rue Apt. 547
East Jaclynmouth, FM 23013",155859947035174
359,Holly Mahoney,gdoyle@example.org,31311,"20093 Johnson Plains Apt. 724
New Nicholasland, AK 45272",3764126594
360,Kristine Wilkins,james25@example.org,66873,"03920 Kimberly Dam Apt. 228
Harperland, WY 38697",8416452469
361,Lori Berger,tjensen@example.net,68325,"PSC 6783, Box 7933
APO AE 02593",32256024358263
362,Dominic Lynn,lewisamy@example.org,66164,"773 Ricardo Turnpike Apt. 638
Angelaland, ND 24780",2442487524498
363,Amber Howard,jenniferhill@example.com,68649,"2883 Mark Mountain
Josefurt, GU 99432",186358822923563
364,Samantha Rich,kingemma@example.org,71080,"05660 Hernandez Port
Olsenchester, TX 36918",2999593017043
365,Diana Bennett,lgardner@example.org,92930,"5866 Wells Lights Apt. 792
Lewischester, PA 57168",1598987639055
366,Thomas Humphrey,dzimmerman@example.org,56423,"8528 John Rapids
North Leah, ME 08008",9604201235
367,Megan Johnson,kenneth85@example.net,98537,"01936 Jordan Stream
Reedburgh, OH 46547",5218557556
368,Daniel Wilson,gschultz@example.net,2915,"6182 James Fort Suite 911
Mullinsside, MD 16261",2302431274
369,Robert Johnson,ccooper@example.com,63707,"253 Todd Stream Suite 075
West Alexistown, MH 04424",467748579766860
370,Donald Madden,ashleyruiz@example.org,79454,"289 Obrien Islands
Murphyland, IN 69611",175061831004806
371,Brendan Thornton,weissmegan@example.org,35953,"1547 Carlos Spur
East Mariaview, PA 56134",18788273763
372,Michelle Perry,gjones@example.org,82009,"18286 Thomas Square
Leahchester, UT 61905",3637123501340
373,Raymond Palmer,raymond14@example.com,45006,"6821 Emily Creek
West Matthewstad, TX 18235",7522849979700
374,Glenn Clark,jaredhurley@example.org,82132,"037 Douglas Glens Apt. 936
Brownview, MN 08666",88346611677871
375,Molly Smith,joneswillie@example.org,31663,"Unit 6889 Box 9204
DPO AP 06028",633959073254603
376,Sarah Patton,jasminphillips@example.net,25533,"621 Castillo Hill Suite 674
South Juliamouth, NH 39538",5254590477
377,Philip Wallace,kathrynhill@example.com,21947,"256 Troy Hill Apt. 073
New Ashleyport, IL 12483",2919612561
378,Mr. Jeremiah Martinez,chad99@example.com,30106,"46144 Miller Lights Suite 463
South Victoriafurt, GA 22442",2827797738
379,Oscar Benson,zcarroll@example.org,49517,"48036 Edwin Streets
North Courtneyside, VI 55772",98052017023824
380,Sarah Johnson,shelleyhayes@example.com,62179,"USNV Flores
FPO AP 36583",167283097279044
381,Kelly Soto,ylynn@example.net,62833,"0431 Nicholas Drive
North Kristybury, AL 70966",732272639013234
382,Travis King,jonesdave@example.net,9009,"94663 Beverly Mountains Apt. 733
Clarkview, PA 71630",79621395903907
383,Joshua Carey,jesus03@example.net,6026,"203 Austin Mills Suite 955
Torresberg, KS 56856",8802250898
384,William Buchanan,thomasnicole@example.org,38945,"2499 Gillespie Walks
Austinview, PW 21727",802707476105361
385,Mr. Troy Jones,melissa11@example.com,82691,"00410 George Crescent
Alexanderfort, CO 32754",2166232766
386,Michelle Hall,bfreeman@example.org,2985,"4200 Franklin Expressway
Campbellborough, NH 65508",3134333310
387,Susan Washington DDS,christina42@example.net,77240,"9529 Delgado Crossroad
Port Amanda, GU 45587",9196289155
388,George Cooper,jo15@example.org,56017,"780 Robert Brooks
East Tammy, TX 57008",87990391954344
389,Caitlin Massey,kwilkerson@example.net,53305,"99136 Alvarez Street Apt. 606
Butlerville, ID 79617",991475161845153
390,Matthew Porter,stephennelson@example.com,24139,"91761 Ryan Dam
North Luke, TN 55134",28453609032999
391,Juan Smith,xking@example.org,7395,"8969 Lee Inlet Suite 356
Kathleenville, NV 39281",7107593416
392,Emily Oneill,idyer@example.com,61000,"PSC 4491, Box 5395
APO AP 04247",9327143016570
393,Tiffany Miller PhD,tara67@example.com,92265,"602 Johnson Shoal
Lake Dale, CA 84757",8288495420240
394,Christina Foster,pwalker@example.net,56391,"80178 Miller Junction
New Thomaschester, RI 60477",9706106161910
395,Sara Vasquez,hsmith@example.org,34615,"704 James Bridge
Hallstad, WI 58404",5959778758
396,Austin Peters,kramerjeffrey@example.com,43093,"2045 Hammond Courts
Lake Scott, WY 05083",1445615906577
397,Christine Reynolds DDS,christine12@example.net,54516,"302 Humphrey Ferry
West Ronaldfort, MD 48424",898863299383354
398,Aaron Moore,swilliams@example.org,17585,"29314 Mayo Estates Suite 412
Port Danny, WY 59937",2778703822
399,Christopher Holder,sarahkoch@example.org,86387,"USNV Guerrero
FPO AE 76828",127631439484639
400,John Johnson,yfuentes@example.com,9329,"86776 Montoya Harbors Suite 600
North Danielleburgh, MH 29098",16139984862
401,Amanda Lewis,andersontaylor@example.net,64586,"7092 Chandler Grove
East Stephen, CA 17793",12218807838
402,Patricia Wright,rebeccabowen@example.org,30550,"0555 James Corners Apt. 182
East Andreaside, MN 54745",8224137794
403,Samantha Hamilton,tmartinez@example.com,27842,"365 Logan Overpass
Joshuafurt, MA 96037",5624733673
404,Andrew Brown,joseph00@example.org,30828,"8679 Lisa View
West Jonathan, IN 79641",9107398815265
405,Kimberly Taylor,susanrojas@example.com,78048,"47789 Griffin Oval
North Bethanyville, VI 69607",99320018415772
406,Sarah Walker,jennifer45@example.com,96988,"92246 Hardy Mountains
West Alex, FL 11485",17843233890375
407,Toni Williams,wgarcia@example.org,64886,"308 Mccormick Mews Apt. 550
Pamelaborough, PR 30957",973898303951675
408,Tyrone Adams,jjackson@example.net,74710,"0399 Alicia Camp
South Charlesborough, SD 73147",149438083923658
409,John Payne,allengilbert@example.org,94085,"26216 Sharon Wells
New Kathleen, PR 28733",21635251092412
410,Alexander Benson,eholt@example.net,19170,"6468 Michelle Stream
East Sabrina, ME 98133",82861750048937
411,Christine Rosario,donaldpatton@example.org,97322,"078 Brown Squares
New Spencer, PW 54641",160253202170286
412,Angela Cowan,nhopkins@example.net,61909,"0062 Cooper Pines Suite 070
Port Lisachester, AL 79982",6128773208864
413,Michael Garcia,bramos@example.org,12476,"685 Roberta Lakes Suite 192
North Amandabury, MN 54944",4026644488
414,David Simmons,walterroberts@example.com,75712,"731 Wilson Mount
South Lisamouth, CO 91158",8126027752
415,Julian Simpson,karen04@example.org,78978,"22993 Ford Row Apt. 808
East Angelabury, MP 94357",1821787827489
416,Thomas Thomas,rebecca14@example.org,1192,"PSC 2622, Box 7562
APO AP 58328",9646385675
417,Drew Middleton,david37@example.org,80671,"746 Stephen Cliff
New Ryan, VI 55305",7049548558
418,James Williams,justin67@example.com,65230,"7966 Valenzuela Rapid Suite 965
Campbellmouth, MT 88709",3305511799164
419,Lori Andersen,debbie85@example.net,4738,"USNS Ruiz
FPO AA 16141",13539810471782
420,Katelyn Velazquez,scott27@example.com,36638,"32363 Bowen Tunnel Apt. 739
Johnnyville, TN 12504",9879903795
421,Janice Day,marygalvan@example.org,62103,"22190 Pamela Motorway Apt. 908
East Kelseyport, SC 44098",848703576687381
422,Andrew Schmidt,rrogers@example.org,4517,"4397 Thompson Unions
Westberg, VT 57946",13987196959
423,Nicole Robinson,cheryljones@example.net,83826,"9181 Martinez Unions
South Christophermouth, VA 69660",2202894070
424,Scott West,sarahdrake@example.net,9667,"0124 Arthur Burg
East Cherylview, NV 64185",2058993259913
425,Nicholas Martin,hayespatrick@example.net,16212,"9184 Monica Station Apt. 796
Lake Gregory, SD 22565",70152098831497
426,Anthony Clark PhD,john66@example.org,33029,"USCGC Gonzalez
FPO AA 14904",19985332741
427,Victoria Smith,bspencer@example.com,20947,"8141 Wright Mount
Cathymouth, MO 23288",9799099835145
428,Vanessa Mccullough,townsendmeghan@example.org,56733,"348 Glass Well
New James, CT 54924",8967480888
429,Shannon Jordan,riverajames@example.org,73573,"0863 Sarah Ways
New Karimouth, MI 56515",9472772930
430,James Cooper,tamarajacobs@example.org,23501,"57706 Hannah Landing
West Larryton, FM 78583",8509902878
431,Michael Mcdonald,annabush@example.net,40806,"5079 James Meadow Apt. 057
South Sierrabury, CT 68795",1980959349549
432,James Bell,johnsonmichelle@example.com,45777,"7547 Amanda Stream
Snydermouth, MN 57961",3969487905496
433,Matthew Valdez,qlopez@example.org,75765,"7048 Debra Ramp Apt. 530
Mckayburgh, AK 06680",1873957385345
434,Tracy Hunt,johnnyjohnston@example.org,11176,"8518 Brian Springs Apt. 783
Lake Lauriebury, DE 26138",6566698328814
435,Rebecca Lopez,fsanchez@example.org,62691,"095 Black Valley Suite 327
Joshuaport, IN 06411",13706874634
436,Christopher Wang,michellevelasquez@example.com,98041,"8825 Freeman Green Suite 763
Elizabethchester, IA 77422",5186806075559
437,Timothy Johnson,matthew83@example.net,38140,"6367 James Falls
Jonathantown, MD 06936",239844687219698
438,Ricardo Taylor,thompsonstephanie@example.net,1730,"6827 Sullivan Falls
Crystalstad, DE 81757",9735172541
439,Jennifer Monroe,hughesrhonda@example.com,6671,"887 King Inlet
West Masonland, MA 85255",55543721096699
440,Jennifer Wall,wjackson@example.org,11986,"6528 Tucker Hills
New Vernon, IN 85425",4804783942192
441,Kara Reed,jjohnson@example.net,52403,"5766 Dixon Villages Suite 757
Johnland, TX 74386",169624594900296
442,Henry Chen,david55@example.org,5854,"7866 Salazar Burgs
Gallagherbury, PR 84159",18166745042
443,April Bradley,contrerasjimmy@example.org,40690,"48538 Carpenter Green Suite 129
Ashleyberg, NH 01583",5933137955
444,Barbara Rodriguez,ryanmann@example.org,71093,"884 Washington Shoal
Lake Michael, CT 15950",9618369265502
445,Megan Mills,christine66@example.com,98504,"2906 Joshua Garden Suite 085
Danielleborough, TX 40168",7116321582133
446,Christine Newton,adamstimothy@example.com,40379,"4034 Thomas Summit
Wernerside, WV 02575",61867345166892
447,Brent Harmon,afields@example.com,89507,"8432 Darrell Plains
East Cynthia, SD 01116",13959929012
448,John Shelton,dominguezjane@example.org,73939,"50530 Owens Corners
Jasontown, DC 33889",3005104757
449,Cameron Yu,dking@example.net,97737,"155 Mark Stravenue
West Hannahton, IA 84833",6713927758
450,Matthew Tucker,lgarcia@example.com,95334,"PSC 9029, Box 1923
APO AA 46122",2234128805
451,Kristopher Vargas,hernandezandrew@example.net,77208,"4752 Amy Avenue
Sandraton, MD 19565",6882028490
452,Adam Miller,kristie33@example.org,18066,"061 Jennifer Dam Apt. 661
Lake Adriana, IA 38546",2517225696
453,Jonathan Hebert,utaylor@example.com,22884,"88636 Lara Gateway Suite 232
Mcleanhaven, OR 27814",66989651058751
454,Jonathan Smith,chelseabradley@example.com,3901,"Unit 6733 Box 0100
DPO AP 00825",924631747426909
455,Adam Graham,gillespiemaria@example.com,3882,"83401 Sexton Trafficway
Gibbsburgh, MH 55593",8589558687070
456,Rebekah Schultz,joncurtis@example.com,9424,"199 Kathryn Isle
Pruittland, FM 18854",12997323106
457,Jennifer Spencer,amywilliams@example.net,33940,"095 Calvin Squares Suite 510
Lake Jesse, NE 52027",4509175122429
458,Robert Davis,jennifer33@example.com,58804,"6059 Davidson Wells
Brendaview, KS 21409",9595279623
459,Nathaniel Richardson,aliciareynolds@example.org,19384,"695 William Shoal
Amyburgh, MO 27095",7989554771586
460,Rebecca Harper,patrickkimberly@example.org,27171,"680 Joanna Gardens Apt. 761
East Jessica, ND 31927",1232930630243
461,Amy Stanley,celliott@example.net,93605,"7740 Jackson Tunnel
New Colehaven, DE 10081",99277413003148
462,Teresa Holland,gdunn@example.org,58350,"9322 Davis Roads Suite 317
East Travis, OH 71710",8845918702901
463,Taylor Guzman,oreed@example.net,79689,"03179 Watts Junctions Suite 624
Zhangberg, VA 84236",22856563935965
464,Shawn Simmons,zcollins@example.com,33472,"4258 Laura Dam Suite 921
Colemanville, NH 43265",76393608282873
465,Bobby Baker,angela46@example.com,66679,"9894 Ramirez Views Suite 379
New Jessica, VA 20682",165196963218202
466,James Lambert,meganharris@example.org,26098,"Unit 8718 Box 4949
DPO AP 73623",40621442406446
467,Sandra Anderson,spencercynthia@example.net,90248,"Unit 9661 Box 5197
DPO AE 61789",1976923160915
468,Nathan Johnson,daltoncrystal@example.org,72029,"784 Brooks Trail Apt. 912
Port Rachel, MN 27211",185972241536895
469,Sophia Frederick,christine60@example.com,83523,"69400 Sydney Plains Apt. 033
South Tiffanyshire, UT 41041",5758793049
470,Ann Scott,moralesleslie@example.org,84062,"61170 Christopher Ranch
Leahhaven, NE 89758",3168000827
471,Sarah Thompson,smitherika@example.net,71992,"0602 Jennifer Greens Suite 485
North Latoya, AK 61363",5259283586
472,Keith Deleon,tamara08@example.org,98379,"47210 Perez Fall Suite 543
Carolinestad, VT 61097",1578886812601
473,Dr. Lisa Hart,collinsgarrett@example.net,87944,"4035 Flores Avenue
South Steven, VA 04292",145785155382022
474,Heather Clark,fuentesjennifer@example.com,52062,"PSC 4593, Box 3534
APO AA 75768",7073267999
475,Jeffery Melendez,lnewman@example.org,77469,"PSC 9591, Box 6013
APO AA 86207",5876112485
476,Andrew Martin,haileyacosta@example.com,48095,"521 Rose Circles Suite 578
Kellyberg, NV 08691",3432988707
477,John Garcia,joyceblake@example.com,77183,"74762 Hicks Lake
Jeffreystad, UT 52446",123457056237924
478,Cory Kelly,hensonlinda@example.net,2781,"79228 Karen Junction
East Hunterhaven, GA 48499",14688948940057
479,Dr. Jaclyn Hamilton DDS,anthonyhanson@example.net,1049,"27031 Tammie Plaza Apt. 466
Velazquezville, MO 68202",2909454079
480,Joanna Baker,stevenwalker@example.net,19689,"926 Martinez Garden Suite 263
New Richardport, WY 07904",192347425523717
481,Randy Norman,zsmith@example.net,29668,"89105 Taylor Cliffs Apt. 080
Taylorberg, WV 64297",19302644083765
482,Christopher Williamson,melissa71@example.org,98208,"48510 Herring Burg
West Joshuaside, MN 11551",605290196633574
483,Traci Bishop,freemanjohnny@example.net,62263,"61231 Shawn Village Suite 180
Hooverchester, LA 93921",6062217299
484,Courtney Rangel,swhite@example.net,82001,"40957 Lewis Crescent Suite 887
Port Yvonneton, TX 44789",7432153892
485,Todd Duncan,vhoffman@example.com,57729,"398 Robert Light Apt. 608
Orrtown, MI 88629",2235219471019
486,Rebecca Cobb,kcarlson@example.net,89385,"05895 Heidi Street Suite 457
Brandonstad, GU 79542",9575763963
487,Jason Gibson,bonniebarnes@example.com,56501,"1699 Shelby Motorway
West Miguel, SD 15528",950362416912325
488,Madison Williams,sara58@example.net,58535,"PSC 8578, Box 9724
APO AP 85278",39096320994525
489,Lee Perry,brownjames@example.com,48546,"PSC 3990, Box 4729
APO AE 12023",7813238756
490,Gina Davis,crystal26@example.org,83956,"023 Dominique Prairie Suite 350
Wilsontown, HI 84465",92857656678152
491,Morgan Miller,lambertgrant@example.net,62784,"9193 Jessica Alley Apt. 615
North Abigail, MH 64960",1204359009820
492,Tanner Bowman,bortiz@example.org,8144,"72284 Johnson Springs Apt. 881
Hubbardside, PR 12167",7068653642
493,Kelly Mahoney,rhondajuarez@example.com,81243,"301 William Cape
Susantown, NJ 89164",1489618044812
494,Keith Daugherty,wilsonjeremy@example.net,59598,"13472 David Crossroad
Robertshire, WY 43990",882719421460171
495,John Macdonald,cummingsgabriel@example.com,19765,"3983 Blackburn Tunnel
Lake Daletown, AS 68769",808900775327692
496,Michael Clark,lancesmith@example.net,82751,"7534 Sandoval Knoll Suite 620
East Tylerview, MH 37621",2439215022
497,Marcus Serrano,mary68@example.org,46012,"021 Mary Avenue Suite 989
North Susan, NE 24577",2037776302214
498,Marc Anderson,hopkinsthomas@example.com,2922,"Unit 1810 Box 0965
DPO AP 64410",1840702684923
499,Mark Matthews,reyesamy@example.com,7067,"375 Parsons Row Apt. 067
Bennettmouth, GA 54723",198842109656823
500,Alicia Scott,fhensley@example.com,39963,"29648 Christy Common Apt. 971
North Rodneyton, PR 95445",6017823708
501,James Green,victor91@example.net,28385,"250 Rose Bridge Suite 725
Palmertown, CT 57480",9855258575
502,Frank Mckay,thomas76@example.net,28942,"821 Steele Extensions Suite 316
South Andrew, IL 38798",2789790523
503,Daniel Wheeler,ubennett@example.net,92658,"04155 Smith Prairie Suite 072
Thomasview, MA 01534",2097670600
504,Justin Simmons,heidithompson@example.org,52919,"20202 Stevens Grove
Josephtown, AZ 73490",1395550793393
505,Ashley Pace,nsmith@example.net,71566,"241 Taylor Flats
New Carolyn, KS 13610",85381338702592
506,Joseph Ramos,molly93@example.org,68462,"4745 Ayala Field Suite 925
South Jennifer, AL 33577",34168522907226
507,Mitchell Meyer,larry71@example.org,59714,"93883 Samuel Knolls Apt. 550
South Loretta, AL 03666",13407219897
508,Darren Padilla,travis51@example.com,79253,"USCGC Lee
FPO AA 00982",2049251738
509,Angela Preston,brian98@example.com,2783,"0354 Johnston Gateway
Smithville, IN 46259",5069932955
510,Margaret Miller,phillipsdonna@example.net,85266,"0142 Crystal Roads Suite 145
Andreaside, WA 15573",1856968337611
511,Shawn Cole,meganjohnson@example.net,78967,"71477 Stevenson Bridge
West Jessicaland, CO 18652",27453514706506
512,Ian Johnson,alexis96@example.org,49960,"335 Knight Brooks
South John, OH 57739",15519987580
513,Zachary Clark,michael71@example.org,53308,"8074 Gabriella Track
South Joshuaport, MD 06060",9768885060354
514,Wayne Banks,jennifer05@example.net,36708,"877 Brian Pike
West Keith, PR 25613",6528361629438
515,Abigail Dunn,bburns@example.net,71110,"239 Michael Forks Suite 530
Cynthiamouth, FM 60416",61952282925869
516,David Morrison,bfrench@example.org,11416,"398 Leslie Trafficway Suite 134
Hermanborough, ME 28989",1661254081847
517,Nancy Cooper,caustin@example.org,24362,"5925 Santana Street Apt. 681
Teresamouth, WI 20673",3908029916
518,Shane Graham,flowerschristopher@example.net,94554,"3633 Williams Parkways Suite 594
Hammondshire, VA 03286",24989183545165
519,Robert White,coreycook@example.com,78082,"42703 Smith Street
West Nicholasbury, AS 12200",9746011396908
520,Amanda Valdez,harrisonmarilyn@example.org,45213,"073 William Village
Courtneyville, MO 65218",709225136352337
521,Christina Montoya,phillipsdawn@example.com,73661,"PSC 1793, Box 8023
APO AE 83143",509200378389198
522,Mark Pierce,deanna50@example.org,529,"69323 Francis Plain Suite 513
Welchborough, CT 44786",35265030176173
523,Ricardo Espinoza,gmeyers@example.com,54634,"0109 Brandy Lakes Apt. 847
Smithland, IN 77527",978769995542037
524,Emily Sanchez,brett99@example.org,55671,"41020 Rachel Springs Suite 299
Lake Ashley, SC 17659",158821983899787
525,Amber Morris,fosterpamela@example.com,63944,"047 Hoffman Canyon Apt. 298
West Justinview, SC 91153",8732591742
526,Steven Lam,hardyjoshua@example.org,61073,"35873 Duncan Cliff
Joshuachester, ND 73357",8065144392
527,Amy Wade,cstafford@example.org,64606,"666 Sosa Island
Harrisville, NE 46327",71128543800010
528,Taylor Decker,vhahn@example.org,27391,"656 Sabrina Canyon Suite 603
Valdezville, VI 67216",133245504157720
529,Sarah Henry,michaelbennett@example.com,9286,"299 Joseph Squares Suite 456
South Robert, NM 20160",1730736331479
530,Grace Davies,juan27@example.org,33875,"81497 Mikayla Underpass Suite 194
East Samanthaland, GA 30336",374281507903189
531,Timothy Robbins,oyates@example.com,82340,"PSC 7834, Box 5764
APO AP 46318",75128720759310
532,Taylor Butler,mlloyd@example.org,12306,"3210 Williams Haven
Port Jodistad, AL 83767",317268170012245
533,Patricia Zamora PhD,fritzwyatt@example.net,61044,"5208 Jensen Pike
Nicholsonbury, WA 57782",872797498454421
534,Faith Williams,annettemccarthy@example.org,35202,"USS Rodriguez
FPO AE 45098",1671330741249
535,Maria Duffy,cshaffer@example.com,72768,"26165 Jeff Greens
Patelland, MI 45539",35782701723069
536,Justin Green,anna25@example.net,24006,"USNS Shah
FPO AE 95772",1310509529526
537,Mr. Bradley Porter DVM,denisejames@example.com,25457,"USNV Mccoy
FPO AP 49189",1563633692796
538,Laura Ferguson,caldwelljohn@example.org,20518,"5034 Bradley Spurs Suite 441
North Jennaview, RI 44281",1883427708377
539,Lori Lopez,wellstrevor@example.com,35366,"4386 Guerrero Roads
Allenchester, WA 87079",388368606951291
540,Alicia Jones,foxdestiny@example.net,71239,"70543 Brandon Vista Suite 320
South Laurenborough, NH 35913",4724453801
541,Charles Williams,stevenkelley@example.org,77928,"124 Harrison Valley Apt. 948
South Ricardo, NE 41179",2697430418
542,Dr. Kenneth Robertson,rosalessteven@example.com,95953,"1993 Natasha Shoal
Toddton, GU 07588",6874008396
543,Bruce Robinson,chaneymallory@example.com,30478,"75835 Scott Heights Apt. 639
South Christineton, NY 78910",3328812156
544,Lisa Green,hbender@example.org,38120,"3378 Jones Heights
New Ruthshire, NM 08151",3164688655237
545,David Greer,andrewjohnson@example.com,94926,"96287 Ann Valleys
Kevinbury, MA 65228",9844453674
546,Tyler Buchanan,donaldmitchell@example.com,47157,"USS Garcia
FPO AE 95339",364939263990011
547,Elizabeth Ellis,holderstephen@example.com,8856,"6552 Blanchard Harbor Suite 430
East Natashaview, GU 51216",680793908977594
548,Michael Lynn,lisa95@example.com,84301,"86072 Joyce Via
West Cynthia, AL 80088",17024424730507
549,Charles Mendez,brianna73@example.com,67292,"Unit 8736 Box 2789
DPO AP 08907",5274858734
550,Tammy Nolan,ucoleman@example.net,45930,"6830 Kim Ridge
Fergusonborough, CO 09498",15797376573
551,Charles Allen,fellis@example.com,91035,"7423 Juarez Junction
New Arianaburgh, CT 70410",1991413808198
552,Megan Kim,gbarker@example.com,3367,"11339 Shawn Manor
East Jason, IN 35676",9355892876239
553,Debbie Smith,amandacarroll@example.org,58857,"PSC 2140, Box 0722
APO AP 87725",696587222431061
554,Shawn Thomas,dbrown@example.net,94213,"466 Herman Fort Suite 814
South Cynthialand, RI 16169",177328185282164
555,Erica Blake,calvin21@example.com,80964,"4414 Leslie Vista Suite 896
Johnsonborough, IN 61870",4877970291
556,Justin Luna,kimtracy@example.org,831,"81820 Sierra Extensions
Edwardsmouth, NM 87609",4954413336
557,Leah Quinn,bburch@example.net,49976,"USCGC Harris
FPO AA 59948",17273016424719
558,James Callahan,plee@example.com,69612,"457 Kelly Extension Apt. 501
New Ryan, WV 67767",68192235917281
559,Samantha Brown,millerrebecca@example.org,12963,"759 Courtney Underpass Suite 552
Yangview, HI 26086",19594666717419
560,Amber Cardenas,karen14@example.com,48112,"PSC 5509, Box 7924
APO AE 25206",973360068077313
561,Benjamin Clark,robin03@example.org,48757,"438 Parker Circles
North Abigailmouth, PA 71261",226886925973498
562,Tracy Griffith,cainchristian@example.com,64052,"355 Arnold Knolls Suite 684
Mcmahonhaven, KY 01659",962383728486347
563,Mark Jones,pclark@example.org,87122,"2762 Dawn Crossing
New Cynthiamouth, TN 34384",3177487621
564,Mary Cunningham,travis49@example.com,76203,"0494 Arroyo Mountains
South Brandyfurt, AR 52799",4118956332
565,Jason Mckay,william96@example.org,84729,"14607 Tonya Green Apt. 865
New Cody, LA 33908",7657371469
566,Ann King,michellechapman@example.com,37707,"0928 Jessica Islands Apt. 806
East Bobby, AR 03370",1223296476361
567,Brittany Flores,amy93@example.net,59388,"223 Taylor Estates Suite 343
Hickmanside, NJ 58268",14709184089
568,Cindy Campos,christopher40@example.com,33149,"595 David Ranch
Davidborough, TX 83287",3394078060
569,Gina Carlson,tabitha37@example.com,75384,"Unit 1770 Box 8980
DPO AA 75716",818659741130204
570,Cynthia Robinson,stacey29@example.org,32801,"695 King Dam Suite 822
Staceyland, OH 41192",7293633128702
571,Jamie Flowers,qstephens@example.org,17842,"54493 Martin Pines
West Aaron, ND 71851",18752952374
572,Brian Small,kaitlyn16@example.com,50494,"741 Gardner Pass
Port Lindsayborough, LA 19586",15392628414
573,Karen Castaneda,nelsonkevin@example.com,49612,"2431 James Lodge
Lake Harry, ME 36252",1709837333444
574,Marissa Adams,georgesexton@example.net,49101,"96100 Rodriguez Pine Suite 169
Joyceview, OK 39411",52846532287763
575,Alexis Cooley,schneidermonica@example.com,87827,"8398 Blake Crescent
West Heather, MI 72974",175971740766180
576,Amanda Rivers,lindsay07@example.com,16415,"64832 Lawrence Mills Suite 694
Smithport, WI 43780",7996743259
577,David Li,mstevens@example.org,24703,"62322 Ibarra Spur
South Austin, MN 36242",7478403788271
578,James Medina,kelly65@example.net,61719,"1093 Mills Port
North Nathan, CA 95638",8707127175
579,Sarah Perez,samanthamyers@example.org,99217,"USNV Smith
FPO AE 96365",32951841229058
580,Aaron Jimenez,mcphersonlauren@example.net,30480,"288 Laura Viaduct
New Carlybury, MS 15243",19742115877
581,Justin Hopkins,jonathonobrien@example.net,58718,"8633 Thornton Way
Mcclainberg, TX 70869",3379089367
582,Jamie Ryan,nlee@example.net,81349,"39549 Jonathan Branch
Fuentesland, MT 75997",42578747077235
583,Ronald Turner,charlesmiller@example.net,47952,"516 Mary Lake Suite 510
Lake Christina, NE 91682",1245767461754
584,Larry Perez,john65@example.net,55772,"23375 Nelson Alley Apt. 555
Berrychester, RI 74714",15554401789022
585,Shawn Rollins,meganpruitt@example.net,20843,"0206 Daisy Route Suite 272
Port Amanda, DE 06227",468224843949057
586,Jessica Willis,jwilliams@example.com,76814,"859 Ellen Drive Suite 267
North Jeffreymouth, MD 75875",4723820333
587,Jason Kramer,jeremyparker@example.net,9901,"23254 Martha Spring Apt. 372
Downschester, ID 11433",6776264209
588,Jamie Johnson,joanna23@example.com,95741,"Unit 0769 Box 5760
DPO AP 84710",6247128219
589,Mandy Larson,michele14@example.org,27001,"2452 Julie Key
Davidhaven, VT 56909",1241226323560
590,David Mason,zortiz@example.net,7553,"4094 Alyssa Mills
West Lynn, ND 83768",13697134752
591,Joseph Ritter,qowens@example.org,41162,"Unit 2236 Box 5477
DPO AE 87818",3925876208
592,Nicholas Burns,danielhughes@example.org,25853,"57333 Alexander Radial
West Crystalchester, MS 27359",1919902283574
593,Sylvia Russell,jose00@example.net,15041,"4479 Barbara Overpass
West Andrewmouth, FM 41352",888660049549435
594,Michael Kennedy,loristokes@example.com,10755,"13193 Joanna Light Apt. 192
Thomaschester, NY 55280",1698948334104
595,Steven West,cunninghampatrick@example.net,35594,"325 Linda Fort Apt. 928
East Molly, SC 46762",5484290591
596,Kent Spears,fmitchell@example.net,73431,"159 Lowe Divide Apt. 373
Robinsonland, WY 32352",44763891686846
597,Angela Morris,fletcherronald@example.com,9913,"11848 Jennifer Flat
Stewartfurt, NM 69608",13074543142
598,Elizabeth Gray,bdennis@example.com,89048,"27098 John Terrace
West Anthonyview, IN 33306",34091304403397
599,Heather Lester,trowe@example.com,84246,"46741 Long Cliff Apt. 852
Ernestshire, WY 51836",3409440305
600,Taylor Lopez,yhawkins@example.net,77519,"779 Eaton Ranch Suite 883
North Philiptown, PR 89045",131190040307037
601,Sarah Jackson,morrisashlee@example.net,54399,"63328 Jason Bypass
South Cameron, AS 69957",8557959072
602,Robert Burns,carolyn48@example.org,74945,"7297 Bishop Hills
Port Kelly, NE 37939",9292426308353
603,Debbie Morrison,ebyrd@example.com,14534,"61866 Craig Light Apt. 250
Adammouth, PR 57335",19732232429215
604,Robert Hill,imack@example.net,46345,"05262 Yates Run
East Lindsey, MP 56924",6106509073
605,Carlos Turner,charlesjohnson@example.org,22205,"37701 Brian Keys
Steeleburgh, NY 51080",4752589576
606,Robert Murray,barberjoseph@example.com,9349,"3192 Anna Court Suite 021
West Anthonyton, SD 86980",1729755565924
607,Ashley Bryant,grace03@example.com,28919,"76994 Amy Row Apt. 831
North Jenniferberg, AL 84404",18136077926840
608,Natalie Cooper,wbarrett@example.com,82621,"Unit 1242 Box 2774
DPO AP 37620",190287727488772
609,Douglas Jones,whitecrystal@example.net,4668,"4695 Kenneth Rest
North Karenburgh, NV 66545",655834029257928
610,Richard Boyd,munozdana@example.com,14957,"266 Michael Shoal Apt. 774
North Charleston, NV 31330",45359195493555
611,Logan West,yvonneyoung@example.org,10778,"3998 Sarah Circles
East Jeffery, CT 89138",82899406464092
612,Amy Turner,jamesacosta@example.org,13399,"33529 Andrew Creek
Jameschester, MH 98767",4902939232
613,Susan Smith,kathryn88@example.net,31709,"4051 Rachael Island
Edwardsbury, GA 03986",2869348819288
614,Pedro Carter,lukecannon@example.net,63670,"Unit 1798 Box 2459
DPO AE 35962",7134524172187
615,Kelli Perez,tmiles@example.org,57250,"709 Salinas Turnpike Apt. 530
Lake Kathrynland, WV 09228",1686863397767
616,Veronica Davis,fbrewer@example.net,40489,"33176 Romero Village Apt. 699
Baileymouth, CT 62334",51557972793185
617,Natalie Faulkner,virginiacrawford@example.com,94175,"6674 Ashley Trail Apt. 986
North Thomasmouth, NM 43676",5142103365
618,Tyler Newton,robert72@example.com,84488,"206 Robert Avenue Suite 717
South Katherine, NM 93193",6116556665
619,Amy Brown,ohernandez@example.net,73559,"60957 Terri Fort
Natalieview, PR 86991",5449308024
620,Ronald Caldwell,ulane@example.net,4284,"0198 Sloan Fall Suite 340
West Audreyland, WA 07895",18469448822120
621,Karen Black,taylorchristopher@example.net,33809,"164 Wood Manors Suite 165
Port Alanmouth, GA 97794",74788645496595
622,Robin Miles,lewiskrystal@example.org,78194,"127 Martinez Burgs
Coreyburgh, MI 42462",6469232713
623,Amanda Sutton,fmosley@example.net,87330,"3620 Christina Port
Amandatown, DC 22181",1205870437536
624,Debra Mathis,regina83@example.com,47247,"36722 Megan Alley
West Wandaburgh, AR 49123",6254391496788
625,Michelle Johnson,ortizsteven@example.org,14944,"USNS Shields
FPO AE 23367",7197428894
626,Nichole Dixon,cooperrobin@example.net,8999,"85079 Tyrone Spring
Sarahstad, FL 16592",900740758403007
627,Derrick Downs,nicolestewart@example.net,39841,"168 Nancy Park
Kellyfort, MO 92932",2447467949
628,Christopher Palmer DVM,cchapman@example.net,92259,"6026 Barrett Circles
Richardfurt, SC 48448",196594755097940
629,Shaun Roberts,aguzman@example.net,55155,"318 Jackson Brooks
Harriston, MI 87970",8438733030968
630,Jonathan Larsen,cheyennechambers@example.org,85402,"69213 Jefferson Parkways
New Kathryn, FL 74405",9487819656
631,Sarah Scott,andersonmelvin@example.net,71449,"89731 Li Points
North Josefort, NH 91538",481278988926444
632,Beth Thompson,mthomas@example.org,3288,"Unit 1511 Box 5283
DPO AE 02392",3513736684
633,Kayla Rogers,qcrawford@example.com,60615,"Unit 3494 Box 7268
DPO AE 26600",1807230671430
634,Andrew Welch,cabrerakendra@example.com,66275,"PSC 3858, Box 8680
APO AP 37625",5729825035
635,Jennifer Wood,wanganthony@example.net,86636,"37696 Smith Loaf
West Robertshire, NH 10005",998532409751410
636,Tonya Ellison,amyfarrell@example.org,657,"30372 Davis Course
Bryantbury, HI 16230",1315684190805
637,Kelly Anderson,vwilliams@example.com,56518,"62904 Allen Stravenue Apt. 561
Blairborough, MI 80055",977218885528135
638,Benjamin Best,qcampbell@example.net,22659,"14445 James Circle
Gregfurt, NJ 35959",31399069752088
639,David Smith DDS,williamswilliam@example.com,67859,"4910 Shepherd Groves
Reillyview, PA 41865",1351256311058
640,Kimberly Graham,debraboyd@example.org,46298,"0685 Sharp Turnpike
Lake Jessica, TX 68230",8635370515
641,John Kelley,jramirez@example.net,79422,"919 Michael Avenue Suite 712
Lisaburgh, WY 45009",7475603536
642,William Dawson,sheadanielle@example.org,75754,"3088 Ashley Shore
Transhire, AZ 30936",6437001761
643,Janice Green,revans@example.org,37794,"06422 Johnson Oval Suite 619
Crystalhaven, OK 61821",1908890131176
644,Becky Robles,vallen@example.org,70690,"USNS Proctor
FPO AA 63350",46855422430087
645,Ann Howard,williamwalton@example.org,32535,"85714 Peters Falls
Davishaven, GA 24275",8899766109
646,Robert Hardy,udowns@example.com,73949,"28464 Gabriel Well Apt. 382
South Karl, FM 49841",1811764525828
647,Edward Stevenson,johncollier@example.org,45168,"Unit 6331 Box 1974
DPO AA 80296",163626252711013
648,Ashley Gonzales,heatherwilliams@example.net,71769,"77385 Ortiz Bridge Apt. 160
North Aaron, IN 48594",6252686527546
649,Christopher Holmes,melissa71@example.org,12144,"7567 Clark Underpass
South Edwardfurt, IL 88949",12042209983900
650,Kyle Lopez,kmorales@example.net,21679,"513 Kara Vista
Wilsonhaven, SD 43703",154736487366913
651,Tony Hodge,wwilliams@example.org,3365,"64842 Carmen Key
Patriciaburgh, VA 51732",6332308319
652,Brett Ross,chadmedina@example.com,5548,"43062 Morrison Spurs
Boylehaven, OH 50804",5802968499137
653,Charles Francis,mmosley@example.com,19780,"31751 Martinez Center Suite 251
Deniseland, PW 06491",1751302971654
654,Mark Miller,klawson@example.net,54904,"853 George Ridges
West Jeremyport, NE 48896",158980475107014
655,Jesse Myers,rblevins@example.com,29584,"79950 Walsh Lakes
Carlaborough, NH 94458",1940757366847
656,Gabrielle Spence,shelley55@example.org,77897,"75411 Charles Pines
Kimberlyberg, ME 71126",376673898177399
657,Jill Lewis,nguyenderrick@example.org,13412,"2552 Carmen Place Suite 943
Carterville, IL 32639",1985817962432
658,Mike Hawkins,xferrell@example.com,32887,"8079 Angela Corner Suite 744
New Aliciastad, NH 86320",8849297374
659,Joseph Carter,johnsonnicholas@example.org,39157,"9979 Rangel Parks Apt. 619
Angelachester, TN 39388",5527182280
660,Amy Davis,scottgordon@example.com,21757,"831 Crawford Pass Apt. 445
South Marychester, HI 35343",4997109570185
661,Jacob Simpson,amy03@example.org,10744,"912 Pham Turnpike
Charlenemouth, OR 53200",786930577808478
662,Mike Williams,johnnydavis@example.net,30883,"29628 Rachel Pass Suite 671
Walkerchester, SC 62246",12334904908
663,Julie Murphy,craigmcintyre@example.net,41358,"62760 Watson Mount Suite 777
East Jeremiah, NC 71782",15844273350
664,Stephen Smith,pfrey@example.net,39477,"8464 Gomez Spurs Suite 735
South Miguel, NC 96131",940851405250890
665,Roger Adams,joewaller@example.net,89643,"Unit 3445 Box 9460
DPO AP 91753",13448439881546
666,Gary Cunningham,williegaines@example.net,94994,"62889 Donna Mills
New Dan, NE 79310",6319176466534
667,Tyler Smith,frederickmartinez@example.net,27113,"9814 Monica Mews Suite 938
South Pamelahaven, MO 09541",427435701516990
668,Valerie Aguilar,perrychelsey@example.org,20952,"PSC 5329, Box 2794
APO AA 83962",2116124606216
669,Caroline Thompson,fdavis@example.net,37108,"1417 Schwartz Grove Suite 309
West Jennifer, MA 24773",2288163418
670,Luis Harmon,wcastillo@example.net,49551,"64733 Morrison Lodge
Pattersonfurt, AR 05821",6736489264061
671,Carrie Rice,liugregory@example.org,92042,"7052 Powell Mission
Deanborough, AS 99510",5483960804
672,Samuel Patterson,gtorres@example.net,19065,"213 Hill Drive Apt. 993
Kellyport, PA 41357",9792210026
673,Lisa Ward,sylviawilliams@example.com,69877,"42745 Danielle Stream
North Johnfort, KS 98767",4559965109
674,Cynthia Costa,santoswyatt@example.org,48312,"53805 Joseph Motorway
South Gerald, FL 79373",17878475258
675,Billy Mccoy,melissa96@example.org,26036,"16374 John Drives Suite 411
Biancabury, MT 13867",187466379804485
676,Shawna Wheeler,harriskristin@example.net,85804,"380 Williams Walks
South Grantview, UT 44742",9627731816
677,Christopher Alexander,zlawrence@example.org,36212,"207 Norton Branch
East Lucas, ND 99802",18517379075812
678,William Wilkinson,scottdunn@example.com,49664,"002 Perry Centers
Popetown, DC 28574",5553423134
679,Crystal Walker,christopher70@example.org,73967,"70559 Sanchez Fork Suite 429
New Mariashire, NV 11911",829967994991651
680,Joshua Miller,clarkgary@example.org,36899,"8197 Robin Rapids
West Aaron, CT 63450",7497399721
681,Ricardo Peters,edwardwilliams@example.org,7056,"51327 Janet Alley
New Aaron, CA 01755",5692539374
682,Jeremy Phillips,alexander36@example.net,36475,"2628 Gilbert Prairie
Patriciabury, IN 16604",147468650429237
683,Harry Mills,zshelton@example.com,54455,"43978 Melissa Plains Apt. 228
South Jenniferton, SC 70887",5493410166
684,Alex Parsons,dylan69@example.com,28123,"62138 Miller Court Apt. 577
Manningberg, FM 55668",126543233860521
685,Robert Cook,jessica38@example.org,39886,"61030 Todd Station
Petermouth, GU 25906",188766966327721
686,Christopher Edwards MD,everettmarcus@example.com,49609,"612 Hull Courts
Lake Jessica, DE 51156",17684963782
687,Rebecca Clayton,santosbrooke@example.net,76437,"9383 Snyder Hollow Suite 859
Ramosfort, FL 46557",1896797145896
688,Heather Hubbard,williamsbenjamin@example.com,50495,"5589 Moore Fall
Nicoleland, TN 72988",3882030180
689,Melissa Downs,brucejohn@example.com,25319,"856 Fowler Mall Apt. 771
Stevensonside, AL 49760",4098838070
690,Grace Farley,ibrown@example.org,2576,"9506 Danielle Ridge
Clarkfurt, MI 83229",1278987121510
691,Mr. Steven Lane,williamgonzalez@example.com,8956,"08893 Williams Canyon
Jamesshire, VA 14470",2947579625
692,Susan Moore,reneemcgee@example.com,31342,"703 Charles Crossing
Mcdonaldbury, WV 88662",1504211952805
693,Chase Mann,susansoto@example.org,75277,"2507 Williams Port Apt. 803
New Christineborough, CT 38936",1725875728973
694,Michael Cruz,lewisalison@example.net,61114,"376 Joanna Plaza Suite 717
Sharpborough, MI 86728",334756129675339
695,Karen Turner,justinsmith@example.org,759,"80279 Gerald Station Apt. 760
Michellemouth, NE 95265",8414683448
696,Andrew Ramirez,emcintosh@example.net,11295,"531 Proctor Light Suite 500
Stevensmouth, KS 55079",1787732594357
697,Carrie Robertson,hailey62@example.net,14799,"3285 Samantha Shores Suite 026
Castrohaven, VI 99638",635918547883831
698,Miranda Holmes,jerome74@example.net,36428,"029 Carol Union Apt. 653
Lake Melissatown, CT 61359",9972665219
699,Mario Rose,tsandoval@example.net,72054,"0536 Linda Forge
Port Kristen, IA 62573",3803110066
700,Sarah Williams,gina08@example.com,21319,"98679 Elaine Avenue
Timothyfort, PA 78445",15347268885
701,Kevin Boone,kathryn82@example.org,62578,"146 Matthew Isle Suite 856
Lake Bryan, SC 27830",4858210000
702,Yvette Hernandez,abbottdavid@example.com,84473,"5082 Michael Union
North Reneetown, AL 06497",7513408768
703,Ryan Singh,michellefreeman@example.net,22712,"6295 Edgar Walk Apt. 375
Stuartmouth, IN 34976",941758012048745
704,Anna Love,serranomarcus@example.net,34090,"4518 Martin Point
Port Kentville, CT 25103",1265684656858
705,Gerald Wood,randolphkatelyn@example.net,15627,"9501 Williams Stravenue Apt. 537
Johnshire, ME 11526",2013543621129
706,Melissa Brown,pdavis@example.net,43203,"67481 Reginald Junction
Matthewmouth, KS 88636",8883746598
707,Paul Rodriguez,psmith@example.com,66747,"44115 Kevin Grove Apt. 736
North Kevinhaven, AL 94673",56920675309544
708,Danny Phillips,qharper@example.com,24058,"07977 Wolf Via Suite 868
Karenbury, KY 69560",137150381428841
709,Lori Wright,watkinstodd@example.net,21588,"23921 Ryan Village
New Josephmouth, GU 84184",3767441371
710,Allison Reyes,harrisrobert@example.com,62029,"88866 Kevin Crest Apt. 756
Jacobfort, MA 15034",2276065522566
711,Nancy Saunders,cherryrichard@example.org,30359,"6607 Garrett Lock
Scottborough, FL 96171",5092139776
712,Cynthia Copeland,josephmiller@example.com,62786,"672 Melissa Park
Hutchinsonfort, OH 81067",141077274137819
713,Nicole Williams,katelynlong@example.net,10826,"3982 Williamson Ridges
New Craig, CT 32769",62675205968599
714,Shelly Fisher,danieljohnson@example.net,11901,"Unit 3730 Box 8041
DPO AA 21420",6852625279662
715,Joseph Smith,sheri32@example.net,69903,"0443 Scott Overpass
New Lisachester, NE 73500",76471148482471
716,Gregory Alvarado,haley19@example.net,31133,"39297 Jensen Courts Apt. 282
Christinafort, MS 87162",19226545797340
717,James Villanueva,bradysteven@example.net,73886,"63068 Roberts Knoll
Lake Laurabury, MS 40073",8768163182154
718,Derrick Clark,ugriffin@example.org,46164,"873 Amy Knoll Apt. 517
Timhaven, PR 24892",7219017818066
719,Robert Taylor,dbecker@example.net,26022,"411 Garcia Via
East Scott, DE 65392",438571954470289
720,Kimberly Perry,utran@example.com,7346,"91074 James Fall Suite 328
Gillfurt, NY 09257",19253184771
721,Nancy Jacobson,alex49@example.net,11652,"633 Eileen Lane Apt. 299
Carterbury, MI 88614",18843889840
722,Jason Ross,mfloyd@example.org,31436,"385 Jordan Spring
Lake Lacey, NH 09946",14117789154
723,Kristin Roberts,tracy04@example.org,66990,"352 Austin Lakes
Lewismouth, DC 37843",17275024099
724,Kaitlin Johnson,clayton59@example.org,83929,"966 Johnson Island Suite 728
Floresberg, PW 48644",3288408644
725,Lori Jackson,pruittchristopher@example.net,66865,"273 Anthony Ridges
Johnsonfurt, WI 17855",7215920245
726,Kimberly Bell,curtisweber@example.org,39621,"244 Kathryn Course Suite 140
East Willie, KY 72383",554562668356237
727,William Jackson,jeremy46@example.org,6669,"058 Samantha Knolls Suite 873
Port Chelseafurt, MN 86967",5927227298
728,Jerry Mclaughlin,sarahvasquez@example.com,95214,"20766 Webb Trail
South Andreabury, AL 40890",4287183445
729,Patricia Davis,ewalker@example.com,18397,"567 Saunders Trail Suite 658
Hernandezfurt, AZ 13846",1794286261099
730,Christopher Martin,elizabethtaylor@example.com,34020,"30269 Parker Junction Apt. 129
West Alexa, PR 24406",493909744993716
731,Melanie Pope,sara66@example.com,47123,"0451 Schmidt Extensions
New Samuelfurt, WV 03697",6174858437
732,Michael Barnes,freychristopher@example.net,573,"11960 Owens Courts Suite 968
North Crystalhaven, NE 38973",362379113115727
733,Danielle Robinson,cookjonathan@example.net,65777,"560 Ruiz Spur Apt. 432
Port Danaton, NH 39711",6412440309
734,Tracie Sanchez,smithjoshua@example.com,22103,"USS Bell
FPO AE 04072",9364953299
735,Laura Drake,brookstanner@example.com,72947,"84075 Nancy Avenue
Mitchellfurt, AR 16655",3789745259
736,Jennifer Robinson,ybradshaw@example.net,60995,"8326 Joseph Courts Suite 167
Anthonyport, PA 08565",1331667232496
737,Jacob Christian,holmesbrian@example.net,4773,"5007 Massey Dale
Evansfort, MP 42151",25066677461661
738,Lisa Gentry,brandonhamilton@example.net,99679,"46292 Robert Loaf Apt. 392
Lake Martinhaven, ND 89549",6203941693
739,Micheal Nguyen,walshchristopher@example.net,92746,"9744 Jacob Forges Suite 622
South Tyler, OK 02371",73685148357229
740,Timothy Armstrong,whitakercarla@example.com,14898,"7488 Black Shoals
Lake Amandaborough, OH 29802",13649575353
741,Ryan Randolph,mccoynicole@example.net,15924,"0612 Sandra Dam
Harristown, MI 29827",9603724497
742,Lucas Davis,samuelbowman@example.org,26110,"4647 John Circles Apt. 162
Kevinshire, MD 15198",35226513551558
743,Mr. Justin Robertson,fbrown@example.com,22922,"83151 Martha Park
North Laura, MN 59970",15439031855
744,Matthew Padilla,caitlyn12@example.com,11011,"3846 Beck Lock Apt. 390
North Stephanie, NY 85919",3672411906
745,Michael Wells Jr.,cooperbarbara@example.net,89269,"4278 Long Radial
Palmerville, NE 58366",9427882345666
746,Jillian Martinez,josephmorales@example.net,14516,"19180 Anthony Forest Suite 176
Thomasside, HI 86756",2854295736065
747,Emily Green,fjones@example.com,36480,"14267 Angela Underpass
Anthonyfurt, TN 28285",152468178527947
748,April Maldonado,judithmccoy@example.org,63626,"43567 Jason Lodge Suite 958
Johnshire, OR 83109",7519700235
749,Kenneth Sampson,traciporter@example.org,89525,"7659 Laurie Roads Suite 655
North Marie, MT 95323",32837569170540
750,Ashley Hendrix,brownrandall@example.org,83572,"39408 White Cliffs
Greenville, IA 06972",5575084077
751,Natalie Barnes,xharris@example.com,43992,"272 Jordan Corners
Amymouth, MP 97899",644593924112813
752,Justin Garcia,coxmichele@example.com,48204,"86198 Adams Lights Apt. 583
Veronicaton, AL 21103",1598879474917
753,Jessica Mclean,thompsonolivia@example.com,21638,"259 Spencer Inlet Suite 129
Michaelberg, OK 40956",9299420799
754,Clayton Mejia,christopherdaugherty@example.org,40512,"809 Ortiz Parkway
Hillshire, NM 88329",942204198993904
755,Bryan Cook,ochoamichael@example.org,38592,"596 Michelle Trail
Richardfort, KS 34334",1780320339658
756,Robert Cross,reynoldsjasmine@example.net,34340,"657 White Ridge Suite 705
Danielfurt, WY 95520",2427009013
757,Jennifer Schaefer,khorton@example.com,81694,"8350 Erin Lane
North John, CT 93439",7249174845696
758,Andrew Wells,millsdeborah@example.org,81834,"7157 Robert Spurs
North Lauren, NM 83486",1831556254023
759,Katherine Christensen,adam94@example.com,40112,"USNS Collins
FPO AA 72052",1444880309721
760,Judy Miller,hwolf@example.org,11368,"57679 Dawn Mills Suite 918
East Henry, KY 99045",40484225305486
761,Jeremiah Parks,martinrobert@example.org,50205,"68800 Jodi Crest
Rothside, OK 80217",6156713939
762,Suzanne Bishop,markfrazier@example.org,33444,"56767 Costa Roads Suite 430
Lewisland, WI 23613",54734121307511
763,Wesley Kim,vanessamartin@example.com,71009,"51346 Tiffany Ridge Suite 916
New Lindseyfort, WY 49764",3487473893334
764,Joseph Miller,allisonholder@example.net,68937,"09051 Jonathan Mount
West Gregoryfort, MN 38052",581548516138667
765,Jack Smith,amberrobinson@example.com,97837,"88879 White Burgs
West Michaelbury, DC 76564",133176219352298
766,Patrick Flores,joeolson@example.com,99353,"256 Willis Ridges Suite 317
New Krista, AR 59973",66178657119014
767,Nathaniel Roberts,christopherdavis@example.org,88350,"541 Brown Coves
Kellystad, MN 34551",5713518892
768,Lisa Flores,jwong@example.com,79445,"563 Carol Curve Suite 724
South Kelli, RI 77906",37569995413434
769,Dillon Morales,jasondoyle@example.com,2311,"953 Angela Shores
Port Angelafurt, MH 62004",1755211089943
770,Michelle Sawyer,coryglenn@example.org,76989,"407 Seth Canyon
Lovefort, WY 90174",15444682808
771,Jennifer Davis,debbie08@example.com,32854,"3878 Anthony Brook
New Thomasburgh, FL 93864",9148037503
772,Nathaniel Wilson,igreene@example.org,23616,"Unit 3528 Box 5682
DPO AA 66470",16599738282
773,Katherine White,yjones@example.net,93805,"4649 Brady Point Apt. 676
Kellyberg, AL 27704",1700549358663
774,Christopher Cooper,woodscaroline@example.org,74881,"157 Jeremiah Valleys Apt. 559
West Emilybury, NC 82934",1644724025239
775,Jeanne Mcknight,derekburns@example.com,84229,"29730 Hogan Harbor
Petersonburgh, SD 87587",591489727255760
776,Lorraine Nelson,devin20@example.org,93294,"72107 Wood Views Suite 413
Nunezmouth, AR 47507",2925626493
777,Carla Kim,uking@example.com,59939,"495 Wright Junction Suite 975
East Michael, LA 97165",7198168585054
778,Angela Wilson,rebeccasmith@example.net,4077,"38425 Cortez Row
Lake Theodoretown, MD 48609",9132962736
779,Michael Swanson,brianwilliams@example.org,24256,"74271 Burns Field
Walkerbury, NY 66001",198197059978149
780,Christine Hall,david31@example.net,43295,"126 Luis Islands
South Joshuaborough, MS 93993",1261775195503
781,Jennifer Jackson,huntjennifer@example.com,44568,"54911 Harrison Tunnel Apt. 615
West Brianton, RI 30522",28132994697736
782,William Roberts,andradeshannon@example.net,2378,"79490 Jennifer Circle Apt. 765
Lisaville, PR 68144",7902317272
783,Courtney Murillo,adamsryan@example.org,93156,"974 Austin Track
Finleyland, MI 96848",56536590501788
784,Edward Walker,cblair@example.net,49131,"79262 Bryan Locks Apt. 145
Port Jamesbury, DC 70015",150956149180910
785,Julie Freeman,stephanie48@example.com,57248,"426 Shelby Ridges Suite 770
Port Kyle, GU 75678",5145366512858
786,Michelle Murphy,sheena13@example.com,7654,"95547 Brown Tunnel
Huangfort, OH 08603",782765992517030
787,Robert Williams,samueldavis@example.org,12514,"15204 Reyes Forest Apt. 572
West Joseph, NH 67067",17416384994
788,Katrina Horn,cruzjuan@example.org,78399,"92197 Johnson Trace
Woodsbury, OH 43592",5223931029
789,Robert Howard,jerome04@example.org,91907,"07904 Flores Loop
Calderonview, DC 66956",8456452322
790,Ernest Briggs,byrdwilliam@example.org,65092,"597 Lee Rapid
South Steven, PR 95110",76234361082819
791,Jacob Adams,qmendoza@example.com,50773,"991 Kimberly Common Apt. 762
Turnermouth, DE 99046",2305902595
792,William Smith,josehowell@example.org,12302,"Unit 4573 Box 1245
DPO AE 61166",1296237275048
793,Alexandra Riley,lholland@example.com,33951,"01412 Brown Forge Apt. 195
Michaelview, MO 76849",150062436059487
794,Kim Burton,daniel50@example.net,63168,"789 Susan Turnpike
North Kennethberg, LA 15550",6279355797573
795,Meghan Lee,xpena@example.net,71007,"51375 Michelle Harbor Suite 908
New Laurenchester, AS 81489",3799896634
796,Amber Sutton,wfisher@example.com,62115,"095 Mendez Courts Suite 071
Karenfurt, DC 12950",57046726496937
797,Mike Williamson,twilliams@example.net,41717,"725 Alex Village Suite 858
Lake Andrea, CT 31596",6702716660207
798,Arthur Carroll,kimberlygallegos@example.org,27074,"44889 Janet Islands
Wesleybury, TX 78222",161645358515669
799,Charles Molina,jennifer33@example.org,2735,"5804 Anderson Causeway
Jenniferview, MP 24982",3374681391437
800,Andrea Burke,heather13@example.com,75702,"20004 Moore Avenue Suite 225
Mcconnellstad, HI 56170",7233670625
801,Michelle Escobar,vasquezluis@example.net,94086,"764 Alyssa Skyway
North Dianaland, MP 76453",97996444161257
802,Kelly Marshall,kennethgomez@example.net,20831,"Unit 5159 Box 4957
DPO AP 93491",312487329746770
803,Lauren Wright,kirkjasmine@example.org,97110,"868 Murphy Falls
South Heidichester, MP 86666",7878120397
804,Justin Walker,bspencer@example.org,86999,"53672 Tanner Loop Suite 485
New Ryan, HI 92893",6116174285719
805,Courtney Odom,rwest@example.com,89544,"17553 Shelley Rest Suite 102
New Donnastad, FM 94672",138471763629868
806,Victor Morris,ovelez@example.org,13843,"39894 Dawn Mill Apt. 247
Lake Melissa, IN 38445",454873939927906
807,Jeffery Barton,pdavis@example.org,23290,"31187 Daniel Mill
South Kyletown, PR 02436",87623655109876
808,James Ellis,ahouse@example.net,1921,"PSC 2968, Box 8647
APO AP 35197",307447725672482
